collection_name,dataset_name,train_path,test_path,dataset_type,datetime_index,split_at,train_type,train_is_normal,input_type,length,dimensions,contamination,num_anomalies,min_anomaly_length,median_anomaly_length,max_anomaly_length,mean,stddev,trend,stationarity,period_size
ESA-Mission1,10_months,multivariate/ESA-Mission1-semi-supervised/10_months.train.csv,multivariate/ESA-Mission1-semi-supervised/84_months.test.csv,real,True,2000-11-01,semi-supervised,False,multivariate,878401,87,0.022004023585855525,3.1379310344827585,0,151.0,40248,0.40976080320554314,0.021168027561861046,no trend,not_stationary,0.0
ESA-Mission1,21_months,multivariate/ESA-Mission1-semi-supervised/21_months.train.csv,multivariate/ESA-Mission1-semi-supervised/84_months.test.csv,real,True,2001-10-01,semi-supervised,False,multivariate,1840321,87,0.027432839099840445,8.919540229885058,0,98.0,40248,0.4009533923604471,0.03396610303747127,no trend,not_stationary,0.0
ESA-Mission1,3_months,multivariate/ESA-Mission1-semi-supervised/3_months.train.csv,multivariate/ESA-Mission1-semi-supervised/84_months.test.csv,real,True,2000-04-01,semi-supervised,False,multivariate,262081,87,0.04941834469268012,1.0,0,657.0,40248,0.41516235121088013,0.01422405779766742,no trend,not_stationary,0.0
ESA-Mission1,42_months,multivariate/ESA-Mission1-semi-supervised/42_months.train.csv,multivariate/ESA-Mission1-semi-supervised/84_months.test.csv,real,True,2003-07-01,semi-supervised,False,multivariate,3677761,87,0.01781640589440714,11.586206896551724,0,196.0,40248,0.40821717761381043,0.03833694285124611,no trend,not_stationary,0.0
ESA-Mission1,84_months,multivariate/ESA-Mission1-semi-supervised/84_months.train.csv,multivariate/ESA-Mission1-semi-supervised/84_months.test.csv,real,True,2007-01-01,semi-supervised,False,multivariate,7364161,87,0.018662181658552494,21.551724137931036,0,597.0,42741,0.409622257348596,0.04257141871447945,no trend,not_stationary,0.0
ESA-Mission2,10_months,multivariate/ESA-Mission2-semi-supervised/10_months.train.csv,multivariate/ESA-Mission2-semi-supervised/21_months.test.csv,real,True,2000-11-01,semi-supervised,False,multivariate,1464001,104,0.0098195800412704,26.39423076923077,0,0.0,8049,0.4051103077553141,0.0853547196899326,no trend,not_stationary,0.0
ESA-Mission2,1_months,multivariate/ESA-Mission2-semi-supervised/1_months.train.csv,multivariate/ESA-Mission2-semi-supervised/21_months.test.csv,real,True,2000-02-01,semi-supervised,False,multivariate,148801,104,0.0034727589196309,1.7980769230769231,0,0.0,540,0.3667611396251162,0.0163150948309924,no trend,not_stationary,0.0
ESA-Mission2,21_months,multivariate/ESA-Mission2-semi-supervised/21_months.train.csv,multivariate/ESA-Mission2-semi-supervised/21_months.test.csv,real,True,2001-10-01,semi-supervised,False,multivariate,3067201,104,0.0085908724900349,45.58653846153846,0,0.0,93029,0.4074411673994399,0.0833922790127025,no trend,not_stationary,0.0
ESA-Mission2,5_months,multivariate/ESA-Mission2-semi-supervised/5_months.train.csv,multivariate/ESA-Mission2-semi-supervised/21_months.test.csv,real,True,2000-06-01,semi-supervised,False,multivariate,729601,104,0.0116348103014787,14.048076923076923,0,0.0,8049,0.3818148726341113,0.0691770815114206,no trend,not_stationary,0.0
