,channel_1,channel_12,channel_13,channel_14,channel_15,channel_16,channel_17,channel_18,channel_19,channel_2,channel_20,channel_21,channel_22,channel_23,channel_24,channel_25,channel_26,channel_27,channel_28,channel_29,channel_3,channel_30,channel_31,channel_32,channel_33,channel_34,channel_35,channel_36,channel_37,channel_38,channel_39,channel_40,channel_41,channel_42,channel_43,channel_44,channel_45,channel_46,channel_47,channel_48,channel_49,channel_50,channel_51,channel_52,channel_53,channel_54,channel_55,channel_56,channel_57,channel_58,channel_59,channel_60,channel_61,channel_62,channel_63,channel_64,channel_65,channel_66,channel_67,channel_68,channel_69,channel_70,channel_71,channel_72,channel_73,channel_74,channel_75,channel_76
channel_1,1.0,-0.005281678868626438,-0.005661182497679313,0.01640617042360608,0.0013180338206106078,-0.008344687580606703,-0.0066093518318204635,-0.007131785154704082,-0.007849021468589767,0.714588763014074,-0.006408783222396684,0.017035736392588395,0.003535954849860794,0.0016995344702494368,-0.008998381309420031,-0.007139278076095144,-0.003322671157501074,-0.007273186308779142,-0.004885282926887927,0.00981881464383689,0.26016868327145815,0.005864136749806229,0.0026456201820037302,-0.008476425975342115,-0.008593833592590396,-0.00525370793518189,-0.004239613054511923,-0.0019177180151639158,-0.00452375878811799,0.005372027368169979,0.002836340035858202,-0.00829421634323672,0.003963056087267067,0.004330072731914189,0.009622996448868706,-0.00040139843318725903,0.006873674245041118,0.010687414231980009,-0.021738768604227354,-0.021590573844128044,-0.018739976253752573,-0.01847262400083788,-0.018579245773411468,-0.02045710998335914,0.007292015730107313,0.004702424064710396,-0.0014806289431275317,0.0044142742270237645,-0.003107721304165529,-0.003891290894288507,-0.0033770834648505633,-0.003563671161588638,0.01086348726256144,-0.025557102156348602,-0.02564869035569075,-0.0002995525210646334,0.002127862409625811,-0.007883648955079866,0.01428396987051464,0.01987810961063076,-0.002330980442605362,0.006570118927228272,-0.002229640134084477,0.001076963564968154,-0.004127248775481642,-0.00910973600791927,0.0006227931558735878,-0.003835211666249003
channel_12,-0.005281678868626438,1.0,0.9818463076170237,0.7900117375623253,0.9441329268718728,0.9510412306398021,0.9622036404734986,0.9438082126411521,0.9440712539181412,0.0008991195766474125,0.9656940439859449,0.7728222808868129,0.9463236656468945,0.9448791135138406,0.9502916802080208,0.93863203825031,0.9784944026027605,0.962442655881339,0.9414744032292544,0.8578479722843557,0.001489715357444593,0.9037769013355295,0.9457553773938446,0.9506343981883519,0.9504141322107951,0.9887905055379544,0.9798539108725792,0.970676766025025,0.9880587477578336,0.9031582520469859,0.9385228578949195,0.9501910580766908,0.05665119014589102,0.05724567930099665,0.1144497097690677,0.02867713515423589,0.057958764336879784,0.06979686865892575,0.6121510983202382,0.6556005236711719,0.6332429440557187,0.6127765974213536,0.6556597690215424,0.634340102528514,0.022074891760294594,0.0002062012518522374,0.011318946543614592,-0.09351087853792357,0.9261875532488374,0.9294146786556464,0.926629169937475,0.928696942403175,-0.9585775458589118,-0.2233798381363451,-0.22390474039931044,0.002093815233903417,0.004084508971404838,0.9325474005971667,-0.4523668414736332,-0.0618877868637131,0.0836851234190527,0.01726187758824779,0.005177477553844605,0.008483373223582833,0.0067832698391534114,-0.004682454835373782,0.0008155777803647382,0.011396011308835078
channel_13,-0.005661182497679313,0.9818463076170237,1.0,0.7956103185264956,0.9556771079485831,0.9430579879003506,0.9867138141266438,0.974650592641938,0.9620450921704329,0.0013150794300641436,0.9899446415253733,0.7793612997660727,0.9566045584098611,0.9550154860682712,0.9424435555685745,0.971829121162564,0.9678353954174117,0.9888804822321031,0.9501630336148162,0.8607758565175073,-0.0019062703140675394,0.9018923119188319,0.9562448716835782,0.9428304888162093,0.944053472493953,0.9849200589627564,0.9581577462710679,0.9455179019060289,0.9743117242566225,0.9014041697957195,0.9508870342749441,0.9439898654345694,0.06657719189686417,0.06396302021136088,0.12463550564377156,0.03704362780849774,0.06642045941174234,0.07774130868829417,0.5962872476291773,0.6408860561737225,0.618034527545826,0.597196613307726,0.6409372595830217,0.6190216956619978,0.02528874490137806,-0.0004964725329575819,0.01243985522441423,-0.08941120708622005,0.9088499347178499,0.9131999273721976,0.908156464975285,0.9121173660937038,-0.9524422161711043,-0.25039478300271717,-0.25085023176005883,0.0036838868429770973,0.005152598797947986,0.9276667157904889,-0.44308985812239515,-0.05847938906038796,0.08438307151738009,0.017520308445425837,0.007903427322199211,0.010845545580938384,0.004707656435499264,-0.004766965341350629,0.005640267919243783,0.012319731873574555
channel_14,0.01640617042360608,0.7900117375623253,0.7956103185264956,1.0,0.7929239040376314,0.7531652809638663,0.7954029848317388,0.7874906687825104,0.7694025996768576,0.016590619336955152,0.7944640743534738,0.9950509324916,0.7919391250485396,0.792945882389155,0.7536191802506522,0.7852464710961643,0.7939830383444858,0.7942375270668784,0.7830072339798041,0.9750008083206496,0.004525480328869204,0.9151143655717702,0.7923402542305633,0.7537542822898678,0.7536193517820065,0.7901096950786303,0.7775851728840982,0.7840747681341446,0.7898559837036617,0.9146039055122066,0.7978222406780219,0.7535582614313115,0.09660342783840926,0.07862057503723183,0.1436057743879382,0.06631567191807593,0.09206649423224977,0.0939789220626154,0.36233690934204543,0.41085253174422165,0.3873476931124588,0.3631789714517193,0.4116481412935121,0.38718718006451797,0.020090553750679946,0.003959229153705468,0.007514567951636858,-0.07669111509034986,0.7408993412788132,0.7408963249339017,0.738897187061397,0.7388373212332882,-0.7349801717123275,-0.33090427441085524,-0.3322416428125059,0.009295809692607586,0.004430133438237996,0.7359000398835345,-0.3250865022413458,-0.03581905073934224,0.06179392456492778,0.028558450780563526,0.014766514243653214,0.01798534210333694,0.01853453922512612,0.01380060687496842,0.027129226668696264,0.030113180985540607
channel_15,0.0013180338206106078,0.9441329268718728,0.9556771079485831,0.7929239040376314,1.0,0.8788364792249515,0.9504137077592902,0.9358192836696189,0.9139662145148358,0.006548232296605119,0.9519013933199744,0.7765876564658208,0.9907398444167606,0.9964074533902174,0.8784384630154481,0.9326255502188037,0.9413298412824516,0.9494457338102197,0.9221437436920908,0.849124882914344,0.0001326906514746768,0.9060377572371849,0.9898017990247396,0.87878660383433,0.8799480589987434,0.9488249611942147,0.9166654125723648,0.9219132671095326,0.9370794086472596,0.9058893337874938,0.9856793336032433,0.879537843042956,0.10579455518337699,0.08913759185690415,0.16078680223456954,0.06979300496951486,0.10152498902420101,0.10596685457642611,0.44209728231659756,0.49158776239922125,0.466366825166548,0.4431829163025995,0.49193037894102337,0.4677796374958547,0.030653351699584545,-0.002460480473196608,0.0051749189963065535,-0.0800598762307213,0.847352919069047,0.8505670378864675,0.846742761200992,0.849268970115811,-0.8742292311763297,-0.4568651303959487,-0.45753752140480464,0.003454420114609062,0.0035455537546421993,0.8568584456387811,-0.3764592108040582,-0.045026715744750534,0.0837218290231939,0.022333541181597662,0.010877309487830776,0.011051847002892478,0.008433705086481063,-0.0007025790490468741,0.01098290614616439,0.01772226042312373
channel_16,-0.008344687580606703,0.9510412306398021,0.9430579879003506,0.7531652809638663,0.8788364792249515,1.0,0.9362259942078066,0.9297373875020923,0.9144045125895099,-0.00021563440122206594,0.9398408473240143,0.7316605018483885,0.8669013285512611,0.8790673758308437,0.9975070410320879,0.9352630524517813,0.9351499719102058,0.9397747451370546,0.9274696841920299,0.8346217529384967,0.005783175381771632,0.9004914572520253,0.8656031412638588,0.9976409176310438,0.9974762286866893,0.9500008020989656,0.9336166180094374,0.9214769123771666,0.93310410097413,0.9001794914996349,0.8464721560868015,0.9975009549198557,0.0025836908014473577,0.018844789515659568,0.057184666498861475,-0.014516703073203643,0.007044928246871635,0.026872722854065723,0.7808625798489452,0.8152676553361221,0.7981308943899468,0.7817246985830325,0.8154378242177734,0.7992298552802438,0.013706404916477071,0.0005606798873235961,0.014518706909506929,-0.1073974901305486,0.9777369828459824,0.9817989478804394,0.9777574658687744,0.9815073559601757,-0.985679829512363,-0.02584990906060531,-0.027270258652289815,0.0027647213642529246,0.004271260347827653,0.9793517885840333,-0.5394429810225978,-0.08158720439792538,0.10625898035037035,0.0006678631188221748,0.0025192617908446186,0.010598540036730731,-0.0027401500583372276,-0.010104121797993007,-0.010709729615950122,0.0030791931856677885
channel_17,-0.0066093518318204635,0.9622036404734986,0.9867138141266438,0.7954029848317388,0.9504137077592902,0.9362259942078066,1.0,0.9811548128172347,0.9531542301464959,0.00022554101558934812,0.9926987476476697,0.7789926312542779,0.9499998744675606,0.949229161202907,0.9358139423048824,0.9868699552229275,0.9600266873615012,0.9918622082912717,0.9607467981320872,0.8604377613282486,-0.0001040246041584453,0.900813423946977,0.9495710402338634,0.936180700668913,0.937919842576014,0.9750134056019659,0.9236877190805083,0.927618506761921,0.9497140043735496,0.9002462140354219,0.944300463596813,0.9378911680659259,0.07065981971268318,0.06593285621376108,0.13034338669082982,0.04030414319577427,0.06910639285263273,0.08248450339344379,0.5965541616997265,0.6405917952819626,0.618149576603066,0.5973856214081212,0.6408636746708924,0.6193680742855786,0.025011818351118015,0.00010385084393731496,0.012091124746372816,-0.0890340689631844,0.9011660882859911,0.9063470499918573,0.8995897682868613,0.9050798731170201,-0.9444005469258129,-0.2537029437641018,-0.2541395656025844,0.0037107782090287627,0.004546537179899736,0.9208418799337416,-0.44139439253932866,-0.059206581603016006,0.08464860080904338,0.015878976521383308,0.010789789247624146,0.011102451979434913,0.0034775402123788687,-0.006726153514040017,0.007995179295282191,0.013152210135237936
channel_18,-0.007131785154704082,0.9438082126411521,0.974650592641938,0.7874906687825104,0.9358192836696189,0.9297373875020923,0.9811548128172347,1.0,0.9344676975052965,-0.00015392533125893238,0.9860080317676033,0.770902638811751,0.9336217350741042,0.9343137539333135,0.9294661160067562,0.9893480594814501,0.9463521860929801,0.9881461951578069,0.9583331978751395,0.8532341082741286,0.0011461687725188366,0.894920948551467,0.9333424459797145,0.9297137145469333,0.9315573571565736,0.9606896384778285,0.9041956268475082,0.9123747170186478,0.9238775965919602,0.8944365467641174,0.9270082533044711,0.9313579569865281,0.07008488459037614,0.06345617907625675,0.128242082675772,0.041288584520870225,0.0665896322628031,0.08148333820467675,0.6043969417233587,0.6475636400370943,0.6259556715288795,0.6053624693965654,0.6476757042940743,0.6267806644802574,0.023226045573619968,-0.002059333586687419,0.014897217020077175,-0.09027127533322891,0.8968746790973152,0.902418460659759,0.8952842206315499,0.9015026482481132,-0.9357400289479163,-0.24024109179233158,-0.2407382492138995,0.0031187068406770763,0.002150109403757845,0.9131472458989058,-0.4448324395420293,-0.059013150823447484,0.08633256708462372,0.011047003675190256,0.00995415032841519,0.01202903018449005,0.0005797619003103837,-0.0076807218827008375,0.006303082125173884,0.012542571002200022
channel_19,-0.007849021468589767,0.9440712539181412,0.9620450921704329,0.7694025996768576,0.9139662145148358,0.9144045125895099,0.9531542301464959,0.9344676975052965,1.0,-0.001675807319132354,0.9483194825896177,0.7529757467084739,0.9087895129489475,0.9132802309455712,0.9139637425802708,0.9270214386205566,0.8928763006685646,0.9494958065721443,0.859465470733091,0.835437402722244,-0.009640126460818382,0.8787181084904493,0.908286207581323,0.9142471956329529,0.9176394465756496,0.9290417871551236,0.9440932659866584,0.8594516297549242,0.9634690510652071,0.8787613903054807,0.9018619410182136,0.9172925371601699,0.03011222796988501,0.039254704414491935,0.08458750682896275,0.006515177717604251,0.03192539125571849,0.047984078868503165,0.5916236863645702,0.6330412965940823,0.6120743190521697,0.5922447420671113,0.6331859764707882,0.6128023789580214,0.024676405434191136,-0.002279850960591813,0.013094044970273059,-0.08887016384132765,0.8686707338031929,0.8711817917283765,0.867255814801374,0.8691205779628074,-0.917825278333686,-0.22532440807520518,-0.22581877203569442,0.004959198742570629,0.0026833316511697992,0.9187072803724353,-0.44751703993998093,-0.060823397740272664,0.08632268479931879,0.018454039049652603,0.005445746101101428,0.007715655612284693,0.005984462931793932,-0.0027430728284301453,0.0009854291985957144,0.012068426953588292
channel_2,0.714588763014074,0.0008991195766474125,0.0013150794300641436,0.016590619336955152,0.006548232296605119,-0.00021563440122206594,0.00022554101558934812,-0.00015392533125893238,-0.001675807319132354,1.0,0.0009298253766184878,0.01681183973164482,0.007539616699001559,0.0070468564126874,-0.00058732935872133,4.733932961338869e-05,0.002865818459388031,5.511715906825448e-05,0.001737703783320921,0.011779388377422461,0.22058598361613238,0.009407787576394194,0.007425028393772457,-0.0005377016623980199,-0.0001854689808319007,0.0013616040371062165,0.0021830070127619628,0.003853872735469795,0.0012881626597060966,0.008751149118188578,0.007468771575672433,-7.523657467486795e-05,-0.0019810483121656714,0.013397952307032765,0.008569349345604079,-0.007096208202476394,0.012383198553104113,0.008789134961114747,-0.009484339806533498,-0.009635933806278736,-0.00846186942359838,-0.010104807187956486,-0.008852422300811668,-0.007616208787867731,0.004475935648861185,0.0014103479492945559,0.005401051847924137,0.0036101444499318136,0.004683894478966186,0.004183274477051682,0.004116257508189417,0.004020243321940575,0.002262209102750427,-0.019086536650600824,-0.019159574768567094,-0.0002499921880285715,0.0017758120603178964,0.0018672723985562174,0.007228071768822939,0.017584639321564545,-0.0019453246429993248,0.007620062655080803,0.007254833115534265,0.004330361564637077,-0.0013165662719811682,-0.009444385344282229,0.003362744553881601,-0.008002763378354795
channel_20,-0.006408783222396684,0.9656940439859449,0.9899446415253733,0.7944640743534738,0.9519013933199744,0.9398408473240143,0.9926987476476697,0.9860080317676033,0.9483194825896177,0.0009298253766184878,1.0,0.7780633339717786,0.9516831050810552,0.9507351987066884,0.9393773547610417,0.9880238255607419,0.964326704253926,0.9949570740622832,0.965004378055925,0.8601562010316418,-0.00021302022313315452,0.9012378655983427,0.951279061366846,0.9396790792747153,0.941170073294509,0.9792475912059572,0.9305644027064289,0.9354451217954292,0.95060410004012,0.9007772896288304,0.945562798555767,0.9411070762182645,0.07106203654371765,0.06804274042924496,0.13007136034200942,0.041463841560755284,0.0718363285569787,0.08197196800219791,0.6013215691802083,0.64549217799053,0.6231363984906058,0.602329598412425,0.645636173078613,0.6241375475049674,0.024258938575191624,-0.0003065909193314749,0.01318234299397138,-0.09040979097896558,0.9062268794787897,0.9114721607783722,0.904962164972033,0.9104753705273944,-0.948335578770033,-0.24894318938843782,-0.24941463981781972,0.003776114957278014,0.004780223208198442,0.9225535716433064,-0.4427033739144128,-0.05909278209037315,0.08481468384361783,0.01503062966301397,0.010077501034477155,0.01177057831030575,0.003437387099930451,-0.006573361218408659,0.0074885840920578565,0.012537025665418151
channel_21,0.017035736392588395,0.7728222808868129,0.7793612997660727,0.9950509324916,0.7765876564658208,0.7316605018483885,0.7789926312542779,0.770902638811751,0.7529757467084739,0.01681183973164482,0.7780633339717786,1.0,0.7772190104818821,0.7763416276239921,0.7320449616911554,0.7680551691248149,0.7774088704414801,0.7776598512674769,0.7658892111237281,0.9697662423548756,0.0044777323548683915,0.899419147590313,0.7779674001117164,0.7321073449369767,0.7320517071755073,0.7731825584571383,0.7602084563570359,0.767400294028999,0.7733691382729911,0.8988262111367687,0.7846356164848898,0.7319190951637627,0.09884131967908198,0.08051387178894269,0.14495465323357457,0.06840523303473882,0.09475647337641474,0.09515656211932709,0.33830813298266715,0.38647372873968305,0.3630351510054703,0.33891937922758497,0.3872694382360814,0.36286827353699347,0.020710140094385543,0.003247991609490663,0.006877011466121632,-0.07307660196036513,0.7174721810822932,0.7177823203006144,0.7153577619146425,0.7157514346381535,-0.71313840433338,-0.3369746389534955,-0.33833169023558535,0.010463695922861069,0.004079318225522512,0.7139339647644192,-0.3104034995981782,-0.033482882110353135,0.05742574163728192,0.02977472518882583,0.015165477170242195,0.017344116556893694,0.018976577481558603,0.012822620236417226,0.02714821518214353,0.029180247670327668
channel_22,0.003535954849860794,0.9463236656468945,0.9566045584098611,0.7919391250485396,0.9907398444167606,0.8669013285512611,0.9499998744675606,0.9336217350741042,0.9087895129489475,0.007539616699001559,0.9516831050810552,0.7772190104818821,1.0,0.9904977475140969,0.8663153671232984,0.9292928459546885,0.9478956991868096,0.9481656090709768,0.925353206718318,0.8454025326529837,0.00038785646894874427,0.8912862853721819,0.9954856512959904,0.8667101754750988,0.8675035335539354,0.952046783592227,0.9174988884788204,0.9304566214771061,0.9392126859010536,0.8910972349974511,0.9939993583168144,0.8671403383261687,0.11596415281122294,0.09829016926135721,0.17349062683997601,0.07812437751990685,0.11275617832021115,0.11518769358520894,0.42037474180996387,0.47118103391017047,0.44509726310822095,0.4213554036425585,0.471439555522921,0.44669031572775536,0.030395426562583025,-0.0018548331350325628,0.004425513115599979,-0.0785931206212356,0.8355891964733594,0.8389771172350755,0.8353201611634378,0.837895541316705,-0.8645545878949762,-0.4682385830838227,-0.4685691831924699,0.0023436874384714997,0.004086151078432291,0.8435810392913036,-0.36129559865242244,-0.04277395984136726,0.07273874269680482,0.02438378576000156,0.011931472991988507,0.011947622669809484,0.010501843129817261,0.00024100965262603815,0.015504930514052294,0.02110811549438914
channel_23,0.0016995344702494368,0.9448791135138406,0.9550154860682712,0.792945882389155,0.9964074533902174,0.8790673758308437,0.949229161202907,0.9343137539333135,0.9132802309455712,0.0070468564126874,0.9507351987066884,0.7763416276239921,0.9904977475140969,1.0,0.8783160687146144,0.930890311582186,0.9419233008992327,0.9481694195429691,0.9215960583535364,0.8489743633021999,0.0009714624183950028,0.9060562691686207,0.989761931350679,0.8788454697196525,0.8799457824624888,0.9490495314236294,0.9179816342807241,0.9232856529246589,0.9380079584661511,0.9059503909613956,0.9855986832948828,0.8795437699550929,0.10618332214090369,0.08927311561186782,0.16054222363058088,0.07034350010503458,0.10105324743187391,0.10596179346702354,0.44177343093754273,0.49119478942316824,0.46608107295622875,0.4429142021362077,0.4915910977359952,0.46747909525005377,0.03059296493281208,-0.00144754828427885,0.005285620070031113,-0.08022813973797609,0.8481307810383765,0.8512195532914143,0.8475822262428908,0.8499960481368396,-0.8741915053386543,-0.4570271776456435,-0.45770714012393043,0.0035974655785082606,0.0030202615641413107,0.8568543943005439,-0.3761377201992689,-0.04495002575932605,0.08485249741833938,0.021733739920663617,0.010425304217980283,0.011260315232418881,0.009028743469925627,-0.0007053745005372498,0.011500506738730652,0.018639273449764307
channel_24,-0.008998381309420031,0.9502916802080208,0.9424435555685745,0.7536191802506522,0.8784384630154481,0.9975070410320879,0.9358139423048824,0.9294661160067562,0.9139637425802708,-0.00058732935872133,0.9393773547610417,0.7320449616911554,0.8663153671232984,0.8783160687146144,1.0,0.9350753493417058,0.9346195753637793,0.9393790432942669,0.9272186461779798,0.8348441338458257,0.006025616962983571,0.9004868848283565,0.8650593366469493,0.9974615751033028,0.9972591003292104,0.9494115324567467,0.9330328120957327,0.9210086250087848,0.93239071398221,0.900210534901149,0.8458368824904209,0.99731127296895,0.0013646155326165338,0.019257391350034438,0.05774059535489504,-0.015557228351599941,0.007318527836903999,0.027190029216997574,0.7810567641881724,0.8154399054682386,0.798339828557751,0.7819829062146141,0.8156259375283335,0.79938034694229,0.012647504286482163,0.0008031213643821794,0.014819473154729557,-0.10757297504846468,0.9776955511784287,0.9817849494007492,0.9776717013624274,0.9814522363156339,-0.985258974758056,-0.025732144366040904,-0.027149092474860245,0.0027510718292628514,0.0034827282941344863,0.9790591471367968,-0.5395624786766859,-0.08065936896168477,0.10672055899728233,0.0011173973515783624,0.0031340416853110654,0.011292910858905988,-0.002439244664180899,-0.010679724300194525,-0.009998131657148369,0.0024356998830549694
channel_25,-0.007139278076095144,0.93863203825031,0.971829121162564,0.7852464710961643,0.9326255502188037,0.9352630524517813,0.9868699552229275,0.9893480594814501,0.9270214386205566,4.733932961338869e-05,0.9880238255607419,0.7680551691248149,0.9292928459546885,0.930890311582186,0.9350753493417058,1.0,0.9471487153074121,0.9898995703766769,0.9693262017766362,0.8523284312171198,0.001493555254734904,0.8959920206908013,0.9286989315263403,0.9352417205454446,0.9369655419637647,0.9607680214726358,0.8930131184929522,0.9126323424579564,0.9153348654429483,0.8954039153525981,0.9214351143740469,0.9369231155107149,0.06833533942587694,0.06327984149584762,0.1265711478026218,0.03935994105569678,0.0661697117707051,0.07985695314449182,0.6214911826485943,0.6639074871802912,0.6426472993864099,0.6228078666972252,0.6641948816950524,0.6437262018970334,0.022982438337315544,0.0007511741671001016,0.013566960535835896,-0.0911869090319705,0.9037091876739778,0.9097606590817533,0.9018946853417833,0.9087393667960177,-0.9409809494659567,-0.22453767954646395,-0.22506532086185774,0.0028713203929891353,0.003752483897610565,0.9176117384299127,-0.4517253870416406,-0.06092426007687148,0.08867374227364871,0.010032952903149263,0.010605596104774363,0.012232703863441828,-0.0007899496767320846,-0.008790256629617337,0.005902292320761003,0.011835091836646657
channel_26,-0.003322671157501074,0.9784944026027605,0.9678353954174117,0.7939830383444858,0.9413298412824516,0.9351499719102058,0.9600266873615012,0.9463521860929801,0.8928763006685646,0.002865818459388031,0.964326704253926,0.7774088704414801,0.9478956991868096,0.9419233008992327,0.9346195753637793,0.9471487153074121,1.0,0.9592433678099986,0.9773560922262151,0.8589097498166666,0.0062524888767956695,0.8997068504846594,0.9475216037962236,0.9349240942403542,0.9336467364542348,0.9878461818939657,0.9414465224234457,0.9872473629095069,0.9537419323699575,0.8989057665091745,0.9419112727517744,0.9335948385139055,0.08126346762401716,0.074037006520676,0.14079534113616854,0.050041508552068036,0.08099007391406855,0.08956671476325584,0.5874706914004244,0.6319646308601578,0.608953592033426,0.5881948281637203,0.6319326626339832,0.6104353565648493,0.022807757102120643,0.0018508374043155274,0.009995030291928114,-0.09098877994575516,0.919022507169781,0.9232866613053081,0.9194205145864343,0.9232851544634174,-0.9430961913797111,-0.2516929347357657,-0.25214635444917094,0.0012102716139176701,0.00406563398567852,0.90716266205282,-0.4335449900014983,-0.05853147527649424,0.07859212190132461,0.015558935204221134,0.006838319743283264,0.01073022849320886,0.005743810025090291,-0.00403268966280361,0.006632458778639307,0.012997269491869228
channel_27,-0.007273186308779142,0.962442655881339,0.9888804822321031,0.7942375270668784,0.9494457338102197,0.9397747451370546,0.9918622082912717,0.9881461951578069,0.9494958065721443,5.511715906825448e-05,0.9949570740622832,0.7776598512674769,0.9481656090709768,0.9481694195429691,0.9393790432942669,0.9898995703766769,0.9592433678099986,1.0,0.9627326739113867,0.8599677071621951,-0.000856965071524316,0.9013620634246396,0.9477447065568815,0.9396672019030198,0.9412300110090579,0.9762447926178923,0.928812030183229,0.93063481428536,0.946882658533459,0.90089560660234,0.9418433701744356,0.941167923005854,0.06876385472966648,0.06484844948250555,0.13030611207098,0.039131558926410404,0.06761494714595691,0.08247856934006237,0.6045450685850201,0.6484771500891495,0.626243668832266,0.6055494054871653,0.6487303315868768,0.6272253184648826,0.024390306869116644,0.0005908073791997555,0.013356530768330325,-0.09009212576889004,0.9056068689921165,0.9110177860280196,0.9043034049209986,0.9098579689304338,-0.9481362741642864,-0.2450479485071982,-0.24552157205010874,0.004027801545903539,0.004167832981175684,0.9230832606952676,-0.44516780609985357,-0.059996731169269735,0.08633579397824018,0.013416060569899614,0.010079337930736095,0.01123529235620779,0.0027940784032313044,-0.006964561554005605,0.006358707823617663,0.01283617353486872
channel_28,-0.004885282926887927,0.9414744032292544,0.9501630336148162,0.7830072339798041,0.9221437436920908,0.9274696841920299,0.9607467981320872,0.9583331978751395,0.859465470733091,0.001737703783320921,0.965004378055925,0.7658892111237281,0.925353206718318,0.9215960583535364,0.9272186461779798,0.9693262017766362,0.9773560922262151,0.9627326739113867,1.0,0.8493904546935852,0.007770559649670694,0.8915409873793287,0.9250110611579305,0.927338843285196,0.9264957384258259,0.9693471112517125,0.88479464381668,0.9605830882597812,0.9021430981942268,0.8907304700270848,0.9181235202635848,0.9266289169688633,0.08686178472681103,0.07366172117281909,0.14538632593579548,0.056042649408151866,0.08230950015625106,0.09363325863691514,0.6075602279102846,0.650423754514851,0.6285004282923073,0.608686805542932,0.6505428665526903,0.6301094392002529,0.021326836079259996,0.002792694554520411,0.012096572415925058,-0.0916134703388388,0.9135177604222466,0.9193798266394547,0.91285682109923,0.9193662862603873,-0.9333005166684168,-0.23013402818405398,-0.2306502792230723,0.0014685663289125217,0.004953234520913721,0.8963891861919971,-0.4381229424151135,-0.0602310945649212,0.08270804707640794,0.00868927210155137,0.010967751942580766,0.013241438036067503,0.0005215664165084049,-0.007620309716075757,0.008126927196930499,0.013375844191925177
channel_29,0.00981881464383689,0.8578479722843557,0.8607758565175073,0.9750008083206496,0.849124882914344,0.8346217529384967,0.8604377613282486,0.8532341082741286,0.835437402722244,0.011779388377422461,0.8601562010316418,0.9697662423548756,0.8454025326529837,0.8489743633021999,0.8348441338458257,0.8523284312171198,0.8589097498166666,0.8599677071621951,0.8493904546935852,1.0,0.007808070921366823,0.9600607220757119,0.8456277557029813,0.8350016167459049,0.8349787393010584,0.8572172386883927,0.8454080998922603,0.8490107874911808,0.8553815932892929,0.9596350318011385,0.8461238838748338,0.8347647460554984,0.0737414000369007,0.0627441523031549,0.12465294369050627,0.04641591176096442,0.06903829712708211,0.07774148727962238,0.463363850994161,0.5102154110683308,0.4871943821953871,0.46399982634084763,0.5108845702424877,0.4876060808258517,0.02059109163053019,0.0031544971597701563,0.009059641475536577,-0.08272852483508948,0.8117108051232442,0.8137523723699047,0.8098595725010866,0.8121643602072,-0.8134726463482996,-0.297659477617818,-0.29888673720407055,0.008289047523591919,0.0029538285437800986,0.8190271367316316,-0.3822273965600474,-0.04656489124431378,0.07579920375296713,0.01849180165282511,0.008678638131660333,0.012733063620655086,0.009092125685192397,0.001558645570450704,0.01102470742554774,0.016720033269789967
channel_3,0.26016868327145815,0.001489715357444593,-0.0019062703140675394,0.004525480328869204,0.0001326906514746768,0.005783175381771632,-0.0001040246041584453,0.0011461687725188366,-0.009640126460818382,0.22058598361613238,-0.00021302022313315452,0.0044777323548683915,0.00038785646894874427,0.0009714624183950028,0.006025616962983571,0.001493555254734904,0.0062524888767956695,-0.000856965071524316,0.007770559649670694,0.007808070921366823,1.0,0.006088641695619405,0.00026161875317652834,0.005999706080009765,0.005461849082629328,0.0026793237653362466,-0.0017257339196989998,0.00709810691092416,-0.001872366915232236,0.006348051937772034,-0.00035412302083744654,0.00579222361884191,0.001059823452766073,0.0051716263652030236,-0.017028876772091403,0.0016401293456836177,0.013971609608737542,-0.01931206989738642,0.008544646657728642,0.008890289124737001,0.009599152015312312,0.008732710180988546,0.009788173671372679,0.007581727349250421,0.005987410861578639,0.0033472134828663566,-0.009916900190582627,-0.00857220877804844,0.007108299618402868,0.007995393830928193,0.007203130487628912,0.007254935190980862,-0.002610198996311661,0.007447310102520555,0.007476307746094101,-0.0075687618554438054,-0.004312420406252754,0.0024066928037387416,-0.0023264086713298817,0.0008472890495105297,0.010763065397891151,-0.0027038780911759646,-0.00902801449078215,0.002970364178549917,0.001428926170484745,-0.013580396425895747,-0.0015937757848308379,-0.019831374852804524
channel_30,0.005864136749806229,0.9037769013355295,0.9018923119188319,0.9151143655717702,0.9060377572371849,0.9004914572520253,0.900813423946977,0.894920948551467,0.8787181084904493,0.009407787576394194,0.9012378655983427,0.899419147590313,0.8912862853721819,0.9060562691686207,0.9004868848283565,0.8959920206908013,0.8997068504846594,0.9013620634246396,0.8915409873793287,0.9600607220757119,0.006088641695619405,1.0,0.8903548241693833,0.9008753626448353,0.9007051841433209,0.9015872761340363,0.892275777396136,0.8902703678740741,0.8978943005385179,0.9962079744902689,0.8823127851595394,0.9004363120573381,0.05886463767559197,0.052281331360977595,0.11096201796135766,0.03348249052635503,0.0539049028759524,0.06694157885490881,0.5355381012416072,0.5814944219526305,0.5586706002263575,0.5363957335759982,0.5821556716287362,0.5594048419723212,0.01951101748012385,0.00040297656757612346,0.008894607692419365,-0.09436498081290892,0.8844617281578729,0.8853778943129547,0.8835057522759837,0.8839189452515883,-0.8724469798603154,-0.2992913552878192,-0.3012437507414722,0.005236689338371657,0.0033526132044371946,0.8865158239187904,-0.43662032911395077,-0.05610264578605439,0.09674819169797924,0.013309775438189755,0.007044702714308997,0.014285324356096526,0.008170383668079442,0.0012113357073600952,0.007393859837544975,0.01684159083328313
channel_31,0.0026456201820037302,0.9457553773938446,0.9562448716835782,0.7923402542305633,0.9898017990247396,0.8656031412638588,0.9495710402338634,0.9333424459797145,0.908286207581323,0.007425028393772457,0.951279061366846,0.7779674001117164,0.9954856512959904,0.989761931350679,0.8650593366469493,0.9286989315263403,0.9475216037962236,0.9477447065568815,0.9250110611579305,0.8456277557029813,0.00026161875317652834,0.8903548241693833,1.0,0.8652723369908474,0.8662374182889107,0.9515832406568954,0.917070106820155,0.9301947334130948,0.938847721725023,0.890262899377064,0.9937455085670117,0.8659057394199469,0.11761761573350384,0.09841509221401383,0.17383137420022174,0.07998595341932807,0.11338198215277656,0.11550035543378984,0.4183873652503163,0.46932106723041717,0.4430801917994065,0.4196150151309516,0.4696763402821071,0.4448129183406479,0.030981847830605366,-0.0017915187692750059,0.004249061067933222,-0.07859990176394362,0.8345983725554749,0.83784183579781,0.8342911791338414,0.8367331869894462,-0.8634694143869088,-0.469077985170019,-0.46940126053558956,0.002525003303364585,0.004172958334920536,0.8425030409677674,-0.3593581616923854,-0.043127851233159986,0.07322335260670383,0.025041294945112157,0.01228205525682585,0.01212097591191569,0.00999636980421857,-0.0002631207796800558,0.01601168833147589,0.02086231568819117
channel_32,-0.008476425975342115,0.9506343981883519,0.9428304888162093,0.7537542822898678,0.87878660383433,0.9976409176310438,0.936180700668913,0.9297137145469333,0.9142471956329529,-0.0005377016623980199,0.9396790792747153,0.7321073449369767,0.8667101754750988,0.8788454697196525,0.9974615751033028,0.9352417205454446,0.9349240942403542,0.9396672019030198,0.927338843285196,0.8350016167459049,0.005999706080009765,0.9008753626448353,0.8652723369908474,1.0,0.9973241420851003,0.9497645122095631,0.9333118663089608,0.9213121664576672,0.9327689056291426,0.9005458187948033,0.8462429252522697,0.9975263487217401,0.002395194085872523,0.018842358451918288,0.05721826064103319,-0.014826389187306692,0.00685560421265764,0.027109020297997145,0.7811275428022089,0.8153826092470476,0.798284338398907,0.7820617739276043,0.8156248749061894,0.7993520569051575,0.013097861373928474,0.000465576037030703,0.015096193360608589,-0.10747405468315334,0.9775735517369564,0.981623781488105,0.9774888834829631,0.9812912247808,-0.9853770459851001,-0.02592488455040069,-0.02733847470057651,0.002328042500167067,0.004213326297650232,0.9793058189032268,-0.5399257535799866,-0.08147287907183072,0.106641397689557,0.001158320891696158,0.0022880525606518848,0.011828279672254985,-0.0022155847185191665,-0.01003295569343124,-0.009620785531804002,0.002209607319978711
channel_33,-0.008593833592590396,0.9504141322107951,0.944053472493953,0.7536193517820065,0.8799480589987434,0.9974762286866893,0.937919842576014,0.9315573571565736,0.9176394465756496,-0.0001854689808319007,0.941170073294509,0.7320517071755073,0.8675035335539354,0.8799457824624888,0.9972591003292104,0.9369655419637647,0.9336467364542348,0.9412300110090579,0.9264957384258259,0.8349787393010584,0.005461849082629328,0.9007051841433209,0.8662374182889107,0.9973241420851003,1.0,0.9493382277309544,0.9331551477639526,0.9188136181853149,0.9333918611592297,0.9003980584811567,0.8471388290332688,0.9975180109828795,0.0011256379391579093,0.01936552770620463,0.057295930441222026,-0.015913486239594113,0.007178544056801566,0.027085537985978077,0.7803886594526589,0.8148473287399842,0.7977014057949957,0.7813993875387819,0.8150348454869601,0.7987276655644625,0.012980603467466071,0.0006603399861157668,0.015299872310923663,-0.10731752404018535,0.9763801587414574,0.9805100533820083,0.9763139549922065,0.980116628369361,-0.9853588447608199,-0.027721290163300962,-0.029109414284892873,0.0032377017571017406,0.0038454432705660444,0.9797886658737414,-0.5399920385277441,-0.0820064554842833,0.10659620976732073,0.0009111909849092849,0.002249744642932274,0.011106515445527128,-0.002292567713603976,-0.010408762963185393,-0.010556042696884704,0.002290430388167921
channel_34,-0.00525370793518189,0.9887905055379544,0.9849200589627564,0.7901096950786303,0.9488249611942147,0.9500008020989656,0.9750134056019659,0.9606896384778285,0.9290417871551236,0.0013616040371062165,0.9792475912059572,0.7731825584571383,0.952046783592227,0.9490495314236294,0.9494115324567467,0.9607680214726358,0.9878461818939657,0.9762447926178923,0.9693471112517125,0.8572172386883927,0.0026793237653362466,0.9015872761340363,0.9515832406568954,0.9497645122095631,0.9493382277309544,1.0,0.9565158954919771,0.9740704452033603,0.9698744157284208,0.90085636478087,0.9447840181349073,0.9493293684656582,0.06976122418010995,0.06478623996751477,0.12807644000463925,0.04020099198715605,0.06858973423426745,0.0801607404866119,0.6115696208067763,0.6554058007231117,0.6328311246400147,0.612258310841605,0.655547673854689,0.63418582662343,0.023470257200852593,0.001871295278477961,0.010239678253833585,-0.09182000183179556,0.9261515079308337,0.9306851973578275,0.9261710216273242,0.9302593861444328,-0.9598795434710894,-0.23085622685305543,-0.2313350345814265,0.0014969036236957723,0.0049826313839316325,0.9266044772848765,-0.4475056357451747,-0.06055908597875048,0.08426769737332945,0.015386149425026115,0.007320002914257924,0.010762241097335442,0.0050783465333880985,-0.00519152986053187,0.004470970019538664,0.011213249332637688
channel_35,-0.004239613054511923,0.9798539108725792,0.9581577462710679,0.7775851728840982,0.9166654125723648,0.9336166180094374,0.9236877190805083,0.9041956268475082,0.9440932659866584,0.0021830070127619628,0.9305644027064289,0.7602084563570359,0.9174988884788204,0.9179816342807241,0.9330328120957327,0.8930131184929522,0.9414465224234457,0.928812030183229,0.88479464381668,0.8454080998922603,-0.0017257339196989998,0.892275777396136,0.917070106820155,0.9333118663089608,0.9331551477639526,0.9565158954919771,1.0,0.9457392505369598,0.9871170811125451,0.8919427688022844,0.9088724453445691,0.9328756702151964,0.03803338036089187,0.04321151633813695,0.09314149948254483,0.0140845530967516,0.03930510014210363,0.053935575409138174,0.603005809900264,0.6452465391992215,0.6236132364135643,0.6036095497584321,0.6453344688828936,0.6244766037725884,0.020345542237511702,0.0007383989517844161,0.010364956247272105,-0.09317291437134732,0.909162655779268,0.9104217480193263,0.9103732890724293,0.9095280456437438,-0.9360589123158577,-0.21071639046307994,-0.21130321227003235,0.0034217769608594554,0.0026114192594756357,0.9228510789638308,-0.45281517953332495,-0.062430362168643554,0.08427570671307723,0.019474848728148513,0.00152355830901755,0.006847432202803136,0.00796280342328787,-0.0025627948446006812,-0.0025363890599591206,0.010457327485605256
channel_36,-0.0019177180151639158,0.970676766025025,0.9455179019060289,0.7840747681341446,0.9219132671095326,0.9214769123771666,0.927618506761921,0.9123747170186478,0.8594516297549242,0.003853872735469795,0.9354451217954292,0.767400294028999,0.9304566214771061,0.9232856529246589,0.9210086250087848,0.9126323424579564,0.9872473629095069,0.93063481428536,0.9605830882597812,0.8490107874911808,0.00709810691092416,0.8902703678740741,0.9301947334130948,0.9213121664576672,0.9188136181853149,0.9740704452033603,0.9457392505369598,1.0,0.944670425959808,0.8892781597766414,0.9244678472061263,0.9187372920948901,0.08109005706561262,0.07185298885504122,0.13762425024940164,0.051343310737557823,0.07957159184421025,0.08725395171045645,0.5760623584401093,0.6202516867261127,0.5974194633845064,0.5767827348254477,0.6202734039044002,0.5988517643742919,0.02103499103360692,0.003353338104850331,0.009930898248941639,-0.09093623571766528,0.9137733543061507,0.9171164255414327,0.9151022024393746,0.9172350202834122,-0.9274563799443346,-0.24800374607229447,-0.24846598017431118,0.001364807326918647,0.003652471121435412,0.8908149593652017,-0.4264015640337112,-0.05776401879037608,0.07647129023405952,0.01632891508702597,0.006361787153756413,0.010526150967305845,0.0066809122568197935,-0.0038711278208997633,0.005613574191148116,0.01335670404326889
channel_37,-0.00452375878811799,0.9880587477578336,0.9743117242566225,0.7898559837036617,0.9370794086472596,0.93310410097413,0.9497140043735496,0.9238775965919602,0.9634690510652071,0.0012881626597060966,0.95060410004012,0.7733691382729911,0.9392126859010536,0.9380079584661511,0.93239071398221,0.9153348654429483,0.9537419323699575,0.946882658533459,0.9021430981942268,0.8553815932892929,-0.001872366915232236,0.8978943005385179,0.938847721725023,0.9327689056291426,0.9333918611592297,0.9698744157284208,0.9871170811125451,0.944670425959808,1.0,0.8974949952694381,0.9330385753010609,0.9330916679350164,0.049161437494474214,0.05463899761074327,0.10466937253370207,0.022735385760201517,0.05348169315331437,0.061740219289377486,0.5826968576471794,0.6265698015548391,0.6038507138920621,0.5832162876224163,0.6265197807317641,0.6049098193219007,0.02329529878339309,-0.0007563779276001684,0.009676719093275917,-0.09063058564663676,0.9031860857562942,0.9050707204263737,0.9035766806303109,0.9039195393847617,-0.9386310317558416,-0.24448820623278633,-0.24498280449921886,0.003087242417462913,0.0024392801117406847,0.9229604337836874,-0.4422602720855392,-0.05930287330111375,0.08191269106754948,0.02103631793204133,0.004405229441280135,0.008261778191292608,0.009223356247213247,-0.001421308512888141,0.0020310772423449306,0.011844610975503206
channel_38,0.005372027368169979,0.9031582520469859,0.9014041697957195,0.9146039055122066,0.9058893337874938,0.9001794914996349,0.9002462140354219,0.8944365467641174,0.8787613903054807,0.008751149118188578,0.9007772896288304,0.8988262111367687,0.8910972349974511,0.9059503909613956,0.900210534901149,0.8954039153525981,0.8989057665091745,0.90089560660234,0.8907304700270848,0.9596350318011385,0.006348051937772034,0.9962079744902689,0.890262899377064,0.9005458187948033,0.9003980584811567,0.90085636478087,0.8919427688022844,0.8892781597766414,0.8974949952694381,1.0,0.8816197060965615,0.9001523823805632,0.05811018488951533,0.05291567680277363,0.11037833590448529,0.03279822517974043,0.054318265272452475,0.06611882631007307,0.5350945734301051,0.5810057665324149,0.5581466105132447,0.5359115188099256,0.5816829617040359,0.5589327433992477,0.019371529086916396,-0.0006372965355686278,0.009149075375839755,-0.09358130882400131,0.8839974070229453,0.8849247248586801,0.8831073928129123,0.8834653339078683,-0.8718741453996633,-0.2999358493152511,-0.3018955828999829,0.005314291301238075,0.003713742313575966,0.8862415851918132,-0.4366714255747732,-0.05655126928446906,0.09745314587160388,0.013109141554388066,0.0073217674589183355,0.014048596864098789,0.007799016957325342,0.0014919646848402155,0.006941470451710975,0.01709290898666414
channel_39,0.002836340035858202,0.9385228578949195,0.9508870342749441,0.7978222406780219,0.9856793336032433,0.8464721560868015,0.944300463596813,0.9270082533044711,0.9018619410182136,0.007468771575672433,0.945562798555767,0.7846356164848898,0.9939993583168144,0.9855986832948828,0.8458368824904209,0.9214351143740469,0.9419112727517744,0.9418433701744356,0.9181235202635848,0.8461238838748338,-0.00035412302083744654,0.8823127851595394,0.9937455085670117,0.8462429252522697,0.8471388290332688,0.9447840181349073,0.9088724453445691,0.9244678472061263,0.9330385753010609,0.8816197060965615,1.0,0.8465931270024145,0.12638074167601385,0.10609244814228283,0.1852256716623787,0.08690232149252569,0.1233303783789377,0.12477458063378614,0.3842131456396204,0.4364738406018978,0.40975780720607086,0.3853655888942156,0.436746681634162,0.4112929045698703,0.032611376549998676,-0.0008459924452201762,0.005032408675298669,-0.07511950523499888,0.8148394297234407,0.8179880229567962,0.8144462452747728,0.8168395364560403,-0.8468020783049224,-0.4946064693111868,-0.49480039624356625,0.0029600694286510344,0.004447966960927485,0.8237641887198336,-0.3399511131348151,-0.03902109251861262,0.06602726683475289,0.02826051714557349,0.013357782447715634,0.011193620023352816,0.011722582124727573,0.002675237957491962,0.01841633447137797,0.024300554896574907
channel_40,-0.00829421634323672,0.9501910580766908,0.9439898654345694,0.7535582614313115,0.879537843042956,0.9975009549198557,0.9378911680659259,0.9313579569865281,0.9172925371601699,-7.523657467486795e-05,0.9411070762182645,0.7319190951637627,0.8671403383261687,0.8795437699550929,0.99731127296895,0.9369231155107149,0.9335948385139055,0.941167923005854,0.9266289169688633,0.8347647460554984,0.00579222361884191,0.9004363120573381,0.8659057394199469,0.9975263487217401,0.9975180109828795,0.9493293684656582,0.9328756702151964,0.9187372920948901,0.9330916679350164,0.9001523823805632,0.8465931270024145,1.0,0.001714719953144678,0.019072988914772597,0.05681611458651949,-0.01536443995084509,0.006870204978318939,0.026745171362989525,0.781014451449149,0.815221911624245,0.7982811411781158,0.781963642255779,0.8154810915395008,0.7991657606436233,0.013526996761296588,0.00039176295506779577,0.015436083514322763,-0.10762782151510936,0.9766382571473176,0.9807372058218272,0.9765214731386772,0.9803248315248616,-0.9855309932925583,-0.02704967698574137,-0.028439826421517916,0.0022643242317256346,0.004305942193233176,0.9798035242565621,-0.5393936790961422,-0.08162863652422504,0.10696762293447798,0.0004711455264493981,0.0020361687548745753,0.011646803298814566,-0.0019521977856599402,-0.010217390985697246,-0.009501419329083965,0.0027937508613301836
channel_41,0.003963056087267067,0.05665119014589102,0.06657719189686417,0.09660342783840926,0.10579455518337699,0.0025836908014473577,0.07065981971268318,0.07008488459037614,0.03011222796988501,-0.0019810483121656714,0.07106203654371765,0.09884131967908198,0.11596415281122294,0.10618332214090369,0.0013646155326165338,0.06833533942587694,0.08126346762401716,0.06876385472966648,0.08686178472681103,0.0737414000369007,0.001059823452766073,0.05886463767559197,0.11761761573350384,0.002395194085872523,0.0011256379391579093,0.06976122418010995,0.03803338036089187,0.08109005706561262,0.049161437494474214,0.05811018488951533,0.12638074167601385,0.001714719953144678,1.0,-0.5083060058550848,-0.36473477404496346,0.9149972438591286,-0.3506971069584542,-0.20149152779307258,-0.13659646186766597,-0.12554901437835897,-0.13017916627864384,-0.13649059626202756,-0.12658516218578178,-0.13070175504818876,0.012259474271751645,0.0045354772176117875,0.001915717662641728,-0.005116575042445759,0.010187366085422075,0.00805794787613609,0.009259570506830569,0.008355248101083236,-0.006425047784735731,-0.20980745967794348,-0.2097658724120062,-0.005093223041135711,0.001120365763608401,-0.010663736645812891,0.05901594841023427,0.014773496597282847,-0.016535820899305085,0.016349878769179396,0.02072822466773024,0.0178636951289031,0.01230492095974863,0.025753764480789285,0.04064132170040079,0.03209979729523466
channel_42,0.004330072731914189,0.05724567930099665,0.06396302021136088,0.07862057503723183,0.08913759185690415,0.018844789515659568,0.06593285621376108,0.06345617907625675,0.039254704414491935,0.013397952307032765,0.06804274042924496,0.08051387178894269,0.09829016926135721,0.08927311561186782,0.019257391350034438,0.06327984149584762,0.074037006520676,0.06484844948250555,0.07366172117281909,0.0627441523031549,0.0051716263652030236,0.052281331360977595,0.09841509221401383,0.018842358451918288,0.01936552770620463,0.06478623996751477,0.04321151633813695,0.07185298885504122,0.05463899761074327,0.05291567680277363,0.10609244814228283,0.019072988914772597,-0.5083060058550848,1.0,-0.15960656062717812,-0.4040670379870575,0.8980186937446453,-0.3367324891828187,-0.08662129105242364,-0.07478130283899397,-0.08325097664092672,-0.08583327703025682,-0.07233324011949692,-0.08256558326986711,0.007267147814846973,-0.002847233153288542,-0.01585784585055247,-0.0025468053162870908,0.02619417591696532,0.025937355222258627,0.02658381461178845,0.024383886506088116,-0.02053904658142735,-0.14935668101609592,-0.14955042873094823,5.205201737469932e-06,0.004811152372918798,0.01063746630006684,0.02144846165889014,0.011327900790950859,-0.016015845416603825,0.013502233568527285,0.018720155991742586,0.004023890399240244,0.008572323611106202,0.011085454008756483,0.02456639286596384,0.037663344020276865
channel_43,0.009622996448868706,0.1144497097690677,0.12463550564377156,0.1436057743879382,0.16078680223456954,0.057184666498861475,0.13034338669082982,0.128242082675772,0.08458750682896275,0.008569349345604079,0.13007136034200942,0.14495465323357457,0.17349062683997601,0.16054222363058088,0.05774059535489504,0.1265711478026218,0.14079534113616854,0.13030611207098,0.14538632593579548,0.12465294369050627,-0.017028876772091403,0.11096201796135766,0.17383137420022174,0.05721826064103319,0.057295930441222026,0.12807644000463925,0.09314149948254483,0.13762425024940164,0.10466937253370207,0.11037833590448529,0.1852256716623787,0.05681611458651949,-0.36473477404496346,-0.15960656062717812,1.0,-0.47002623614400163,-0.3258018014123872,0.8969234229453695,-0.10537090644780267,-0.08559894022235977,-0.09467597351984851,-0.10486956933607314,-0.08666803337553552,-0.09383029618595605,0.0036505603350001988,-0.005182503995577512,-0.0014380321688337448,-0.01319656485881775,0.06762321478615967,0.0658058779115691,0.06731822488559738,0.06641651236716271,-0.061077343240881404,-0.23094708354011995,-0.23110917303438488,0.00037833084549481773,0.001453483722055657,0.04416662315797737,0.016611416772456106,0.00534226758472269,-0.007680917653421569,0.025087115406184482,0.015553341694021814,-0.002815336705532549,0.026965795285895506,0.026999133100054588,0.027568608776307905,0.04536344669905612
channel_44,-0.00040139843318725903,0.02867713515423589,0.03704362780849774,0.06631567191807593,0.06979300496951486,-0.014516703073203643,0.04030414319577427,0.041288584520870225,0.006515177717604251,-0.007096208202476394,0.041463841560755284,0.06840523303473882,0.07812437751990685,0.07034350010503458,-0.015557228351599941,0.03935994105569678,0.050041508552068036,0.039131558926410404,0.056042649408151866,0.04641591176096442,0.0016401293456836177,0.03348249052635503,0.07998595341932807,-0.014826389187306692,-0.015913486239594113,0.04020099198715605,0.0140845530967516,0.051343310737557823,0.022735385760201517,0.03279822517974043,0.08690232149252569,-0.01536443995084509,0.9149972438591286,-0.4040670379870575,-0.47002623614400163,1.0,-0.23742816435216063,-0.3204874185056272,-0.1230901971305262,-0.11518934727895903,-0.11888531579702163,-0.12327264229419711,-0.11598122246148987,-0.11945069290925622,0.01107859439598215,0.003712005223459789,0.0038832399176961787,-0.002022338195472466,-0.007525638793913575,-0.008993580981164458,-0.007644067231290383,-0.009001167783825162,0.01174943591836847,-0.16861279596912263,-0.16857209545351215,-0.0036225418666668307,-0.002148164452961032,-0.02484299964859128,0.06466269534566213,0.013330650802782345,-0.01774964056141855,0.03298817692098339,0.01647672146269394,0.007248934267062072,0.02314568624033782,0.010616613030068072,0.028861587051049804,0.0288082499340105
channel_45,0.006873674245041118,0.057958764336879784,0.06642045941174234,0.09206649423224977,0.10152498902420101,0.007044928246871635,0.06910639285263273,0.0665896322628031,0.03192539125571849,0.012383198553104113,0.0718363285569787,0.09475647337641474,0.11275617832021115,0.10105324743187391,0.007318527836903999,0.0661697117707051,0.08099007391406855,0.06761494714595691,0.08230950015625106,0.06903829712708211,0.013971609608737542,0.0539049028759524,0.11338198215277656,0.00685560421265764,0.007178544056801566,0.06858973423426745,0.03930510014210363,0.07957159184421025,0.05348169315331437,0.054318265272452475,0.1233303783789377,0.006870204978318939,-0.3506971069584542,0.8980186937446453,-0.3258018014123872,-0.23742816435216063,1.0,-0.4868669544815236,-0.1262460463151359,-0.1121995529297105,-0.12171243866576958,-0.12552101856156694,-0.10961717255861773,-0.12070511244577448,0.012174859168579973,0.0014191241969222714,-0.01565114951514901,-0.0015633898944448972,0.017858956985695482,0.017249678482465152,0.018117273928594965,0.01562563987592067,-0.010021375566843911,-0.19289453896915015,-0.19306849518672198,0.0017277948147970863,0.002405098479618048,-0.005032886583493213,0.04503414092270283,0.014183336456435668,-0.021970695246806858,0.032723218366337355,0.021131228478830817,0.030370248238802362,0.022944720971534462,0.011962493088056103,0.052209257699491605,0.025545361336037225
channel_46,0.010687414231980009,0.06979686865892575,0.07774130868829417,0.0939789220626154,0.10596685457642611,0.026872722854065723,0.08248450339344379,0.08148333820467675,0.047984078868503165,0.008789134961114747,0.08197196800219791,0.09515656211932709,0.11518769358520894,0.10596179346702354,0.027190029216997574,0.07985695314449182,0.08956671476325584,0.08247856934006237,0.09363325863691514,0.07774148727962238,-0.01931206989738642,0.06694157885490881,0.11550035543378984,0.027109020297997145,0.027085537985978077,0.0801607404866119,0.053935575409138174,0.08725395171045645,0.061740219289377486,0.06611882631007307,0.12477458063378614,0.026745171362989525,-0.20149152779307258,-0.3367324891828187,0.8969234229453695,-0.3204874185056272,-0.4868669544815236,1.0,-0.0934834518738876,-0.07896676296681561,-0.08434569253224924,-0.09302052216066732,-0.07978613669664326,-0.08363516766089896,0.0008214511143586974,-0.003316395472451379,-0.0005332682130168349,-0.011479118605600271,0.03543724220611565,0.03379534096700404,0.03535020328632251,0.03471496769680385,-0.029242107161392857,-0.17356633962132947,-0.17376819936784665,0.0011962257128092643,-0.006402382081660195,0.01723475909636239,0.0224006819652501,0.0010759418704501093,-0.0030587981007290065,0.014179896249047247,0.008046462976510434,0.0141262548151759,0.014704232761813582,0.02986330756547312,0.03385995364661851,0.014829776570576306
channel_47,-0.021738768604227354,0.6121510983202382,0.5962872476291773,0.36233690934204543,0.44209728231659756,0.7808625798489452,0.5965541616997265,0.6043969417233587,0.5916236863645702,-0.009484339806533498,0.6013215691802083,0.33830813298266715,0.42037474180996387,0.44177343093754273,0.7810567641881724,0.6214911826485943,0.5874706914004244,0.6045450685850201,0.6075602279102846,0.463363850994161,0.008544646657728642,0.5355381012416072,0.4183873652503163,0.7811275428022089,0.7803886594526589,0.6115696208067763,0.603005809900264,0.5760623584401093,0.5826968576471794,0.5350945734301051,0.3842131456396204,0.781014451449149,-0.13659646186766597,-0.08662129105242364,-0.10537090644780267,-0.1230901971305262,-0.1262460463151359,-0.0934834518738876,1.0,0.9792580604612412,0.9807626551569164,0.9819068728596297,0.9789806325380869,0.9809689620402623,-0.010750353654235082,0.0017207162927035877,0.021267740743276933,-0.10319208283069052,0.775987622311393,0.7804353940028645,0.7759254270778804,0.7817188748726301,-0.7801450991681973,0.5274761953656283,0.5273006176005292,-0.0011935427018745278,0.003440575372296876,0.7797375653955029,-0.5434024654583243,-0.09776820263022608,0.10667133020188116,-0.02563906243168682,-0.005986857806310976,0.006728688192804018,-0.01630083488579328,-0.0175238412066836,-0.03340706482843241,-0.012893175852279812
channel_48,-0.021590573844128044,0.6556005236711719,0.6408860561737225,0.41085253174422165,0.49158776239922125,0.8152676553361221,0.6405917952819626,0.6475636400370943,0.6330412965940823,-0.009635933806278736,0.64549217799053,0.38647372873968305,0.47118103391017047,0.49119478942316824,0.8154399054682386,0.6639074871802912,0.6319646308601578,0.6484771500891495,0.650423754514851,0.5102154110683308,0.008890289124737001,0.5814944219526305,0.46932106723041717,0.8153826092470476,0.8148473287399842,0.6554058007231117,0.6452465391992215,0.6202516867261127,0.6265698015548391,0.5810057665324149,0.4364738406018978,0.815221911624245,-0.12554901437835897,-0.07478130283899397,-0.08559894022235977,-0.11518934727895903,-0.1121995529297105,-0.07896676296681561,0.9792580604612412,1.0,0.9809489393619949,0.9794973215001841,0.9820234987841652,0.9814261901009073,-0.006328002277647483,0.0009458944105570214,0.02218338089181114,-0.1053647701428456,0.8105537262746351,0.814878647521646,0.8103558384652833,0.8158771965575154,-0.8134101161998682,0.4840898494952655,0.4837894874661909,-0.001027025697471076,0.0034745370886466657,0.8132244982601315,-0.5536015475765326,-0.09920272009318308,0.1061673903293932,-0.023104545118982227,-0.004173453927239501,0.011998425199077721,-0.011236684152156971,-0.014886013713441172,-0.025559103622333514,-0.0111778496987079
channel_49,-0.018739976253752573,0.6332429440557187,0.618034527545826,0.3873476931124588,0.466366825166548,0.7981308943899468,0.618149576603066,0.6259556715288795,0.6120743190521697,-0.00846186942359838,0.6231363984906058,0.3630351510054703,0.44509726310822095,0.46608107295622875,0.798339828557751,0.6426472993864099,0.608953592033426,0.626243668832266,0.6285004282923073,0.4871943821953871,0.009599152015312312,0.5586706002263575,0.4430801917994065,0.798284338398907,0.7977014057949957,0.6328311246400147,0.6236132364135643,0.5974194633845064,0.6038507138920621,0.5581466105132447,0.40975780720607086,0.7982811411781158,-0.13017916627864384,-0.08325097664092672,-0.09467597351984851,-0.11888531579702163,-0.12171243866576958,-0.08434569253224924,0.9807626551569164,0.9809489393619949,1.0,0.9811370874215891,0.9807768143476151,0.9826982997441648,-0.009666187299805545,0.0026413812040689644,0.023602011001963557,-0.10379918480300007,0.7930349672433302,0.7975986151132095,0.793046753981615,0.7986617731788471,-0.7967651458864087,0.5066310123883964,0.5064136221392282,-0.0014187193306131347,0.00356204316584631,0.7965056643835685,-0.5492467519353831,-0.09781801156505827,0.10801247250208242,-0.02566812114708496,-0.005273319077364779,0.010416495019498857,-0.013589456754603272,-0.014897212722245985,-0.028088491009804897,-0.012692374777244211
channel_50,-0.01847262400083788,0.6127765974213536,0.597196613307726,0.3631789714517193,0.4431829163025995,0.7817246985830325,0.5973856214081212,0.6053624693965654,0.5922447420671113,-0.010104807187956486,0.602329598412425,0.33891937922758497,0.4213554036425585,0.4429142021362077,0.7819829062146141,0.6228078666972252,0.5881948281637203,0.6055494054871653,0.608686805542932,0.46399982634084763,0.008732710180988546,0.5363957335759982,0.4196150151309516,0.7820617739276043,0.7813993875387819,0.612258310841605,0.6036095497584321,0.5767827348254477,0.5832162876224163,0.5359115188099256,0.3853655888942156,0.781963642255779,-0.13649059626202756,-0.08583327703025682,-0.10486956933607314,-0.12327264229419711,-0.12552101856156694,-0.09302052216066732,0.9819068728596297,0.9794973215001841,0.9811370874215891,1.0,0.9792112774720825,0.9814799499356307,-0.010510137204376827,0.0015005642605438309,0.022391739740371248,-0.10172695115353683,0.7771449248419539,0.7815074991051764,0.7769870293120744,0.7825461672582656,-0.7807547003509668,0.5262416733818993,0.5260609946851318,-0.0010415866655970132,0.0018086817467954685,0.7804494971939592,-0.5438828799651976,-0.0965893592806885,0.10597408572480611,-0.027928231296766696,-0.00612591197319357,0.00743977682964573,-0.01653167951118959,-0.016771546960946,-0.03359061123388466,-0.013411612689233713
channel_51,-0.018579245773411468,0.6556597690215424,0.6409372595830217,0.4116481412935121,0.49193037894102337,0.8154378242177734,0.6408636746708924,0.6476757042940743,0.6331859764707882,-0.008852422300811668,0.645636173078613,0.3872694382360814,0.471439555522921,0.4915910977359952,0.8156259375283335,0.6641948816950524,0.6319326626339832,0.6487303315868768,0.6505428665526903,0.5108845702424877,0.009788173671372679,0.5821556716287362,0.4696763402821071,0.8156248749061894,0.8150348454869601,0.655547673854689,0.6453344688828936,0.6202734039044002,0.6265197807317641,0.5816829617040359,0.436746681634162,0.8154810915395008,-0.12658516218578178,-0.07233324011949692,-0.08666803337553552,-0.11598122246148987,-0.10961717255861773,-0.07978613669664326,0.9789806325380869,0.9820234987841652,0.9807768143476151,0.9792112774720825,1.0,0.9815306045572509,-0.007351817782815252,0.0019758780442296737,0.023209559432044745,-0.10599457706353686,0.8107387954544312,0.814978484612533,0.8105420634580162,0.8160188256265982,-0.8134669848189632,0.48297983422014323,0.48267733381332356,-0.0022657872587649743,0.003275519609848581,0.8131491263516325,-0.5522072755517425,-0.09703559343402178,0.10747385028057876,-0.023066184404325788,-0.003704145914056459,0.01217206308945182,-0.01260344252631574,-0.014355431041748563,-0.02508902619051308,-0.008811470313079703
channel_52,-0.02045710998335914,0.634340102528514,0.6190216956619978,0.38718718006451797,0.4677796374958547,0.7992298552802438,0.6193680742855786,0.6267806644802574,0.6128023789580214,-0.007616208787867731,0.6241375475049674,0.36286827353699347,0.44669031572775536,0.46747909525005377,0.79938034694229,0.6437262018970334,0.6104353565648493,0.6272253184648826,0.6301094392002529,0.4876060808258517,0.007581727349250421,0.5594048419723212,0.4448129183406479,0.7993520569051575,0.7987276655644625,0.63418582662343,0.6244766037725884,0.5988517643742919,0.6049098193219007,0.5589327433992477,0.4112929045698703,0.7991657606436233,-0.13070175504818876,-0.08256558326986711,-0.09383029618595605,-0.11945069290925622,-0.12070511244577448,-0.08363516766089896,0.9809689620402623,0.9814261901009073,0.9826982997441648,0.9814799499356307,0.9815306045572509,1.0,-0.008832341314904471,0.0022157389321889073,0.022602561374204404,-0.10382731439776721,0.793991042810485,0.7984274464861976,0.7939336205163341,0.7995524495640302,-0.7975051418988587,0.5051731520818173,0.5049351489645202,-0.0005364484888791418,0.003614940971806653,0.7975138890335791,-0.5488789474703453,-0.0981791657321634,0.10697494434147473,-0.024564017181525236,-0.007226615959471999,0.010119030336068868,-0.013649727522492066,-0.014225649833186443,-0.029237909229473318,-0.011472371027113681
channel_53,0.007292015730107313,0.022074891760294594,0.02528874490137806,0.020090553750679946,0.030653351699584545,0.013706404916477071,0.025011818351118015,0.023226045573619968,0.024676405434191136,0.004475935648861185,0.024258938575191624,0.020710140094385543,0.030395426562583025,0.03059296493281208,0.012647504286482163,0.022982438337315544,0.022807757102120643,0.024390306869116644,0.021326836079259996,0.02059109163053019,0.005987410861578639,0.01951101748012385,0.030981847830605366,0.013097861373928474,0.012980603467466071,0.023470257200852593,0.020345542237511702,0.02103499103360692,0.02329529878339309,0.019371529086916396,0.032611376549998676,0.013526996761296588,0.012259474271751645,0.007267147814846973,0.0036505603350001988,0.01107859439598215,0.012174859168579973,0.0008214511143586974,-0.010750353654235082,-0.006328002277647483,-0.009666187299805545,-0.010510137204376827,-0.007351817782815252,-0.008832341314904471,1.0,-0.06731033790162051,0.03182129918300111,-0.006723570521853343,0.011198506970628111,0.01168978443296278,0.01172217435037839,0.012712707807255929,-0.015187505089224241,-0.036053762056704845,-0.03597932174795211,0.0004589807010465581,0.013848963415459352,0.011436299655980803,-0.0009154105696540517,-0.004187935801260921,-0.003819642268198656,-0.013070775834271364,-0.004301465274476509,0.005844037751153721,-0.0013947893373926492,0.0021274743419368086,-0.0013298144672327366,-0.0004227588557011678
channel_54,0.004702424064710396,0.0002062012518522374,-0.0004964725329575819,0.003959229153705468,-0.002460480473196608,0.0005606798873235961,0.00010385084393731496,-0.002059333586687419,-0.002279850960591813,0.0014103479492945559,-0.0003065909193314749,0.003247991609490663,-0.0018548331350325628,-0.00144754828427885,0.0008031213643821794,0.0007511741671001016,0.0018508374043155274,0.0005908073791997555,0.002792694554520411,0.0031544971597701563,0.0033472134828663566,0.00040297656757612346,-0.0017915187692750059,0.000465576037030703,0.0006603399861157668,0.001871295278477961,0.0007383989517844161,0.003353338104850331,-0.0007563779276001684,-0.0006372965355686278,-0.0008459924452201762,0.00039176295506779577,0.0045354772176117875,-0.002847233153288542,-0.005182503995577512,0.003712005223459789,0.0014191241969222714,-0.003316395472451379,0.0017207162927035877,0.0009458944105570214,0.0026413812040689644,0.0015005642605438309,0.0019758780442296737,0.0022157389321889073,-0.06731033790162051,1.0,-0.06305443802089228,0.022293791132770063,8.490846168064577e-05,0.0003068116550062741,0.00034903401660041973,0.0012561242271409566,-0.0008033432152020086,0.005604685664494792,0.005666994671902475,0.00391499610158266,-0.0032823104425712397,0.0009726933535598826,0.00176289336736222,0.006330976845258042,0.002041206914254476,-0.0006913037512255193,-0.0005545332421758761,-0.008342352210604219,-0.00020245043557402361,-0.003570470846442199,-0.005623904725814658,-0.00638812305027925
channel_55,-0.0014806289431275317,0.011318946543614592,0.01243985522441423,0.007514567951636858,0.0051749189963065535,0.014518706909506929,0.012091124746372816,0.014897217020077175,0.013094044970273059,0.005401051847924137,0.01318234299397138,0.006877011466121632,0.004425513115599979,0.005285620070031113,0.014819473154729557,0.013566960535835896,0.009995030291928114,0.013356530768330325,0.012096572415925058,0.009059641475536577,-0.009916900190582627,0.008894607692419365,0.004249061067933222,0.015096193360608589,0.015299872310923663,0.010239678253833585,0.010364956247272105,0.009930898248941639,0.009676719093275917,0.009149075375839755,0.005032408675298669,0.015436083514322763,0.001915717662641728,-0.01585784585055247,-0.0014380321688337448,0.0038832399176961787,-0.01565114951514901,-0.0005332682130168349,0.021267740743276933,0.02218338089181114,0.023602011001963557,0.022391739740371248,0.023209559432044745,0.022602561374204404,0.03182129918300111,-0.06305443802089228,1.0,-0.029089827503304508,0.01314101916981483,0.013296508710097667,0.014458524372203537,0.015073768144281404,-0.017312258205263106,0.018209732800528695,0.01837494759364306,-0.0033289622186181847,-0.0031803202178768007,0.015966332401520164,-0.01098532382560964,-0.008889294512518226,0.0017659820902672417,0.0003693737923692649,-0.0012420406145813914,-0.007650487631869523,0.0013356845959432927,-0.01303360642116202,-0.0033607533992158394,0.0021172900597542666
channel_56,0.0044142742270237645,-0.09351087853792357,-0.08941120708622005,-0.07669111509034986,-0.0800598762307213,-0.1073974901305486,-0.0890340689631844,-0.09027127533322891,-0.08887016384132765,0.0036101444499318136,-0.09040979097896558,-0.07307660196036513,-0.0785931206212356,-0.08022813973797609,-0.10757297504846468,-0.0911869090319705,-0.09098877994575516,-0.09009212576889004,-0.0916134703388388,-0.08272852483508948,-0.00857220877804844,-0.09436498081290892,-0.07859990176394362,-0.10747405468315334,-0.10731752404018535,-0.09182000183179556,-0.09317291437134732,-0.09093623571766528,-0.09063058564663676,-0.09358130882400131,-0.07511950523499888,-0.10762782151510936,-0.005116575042445759,-0.0025468053162870908,-0.01319656485881775,-0.002022338195472466,-0.0015633898944448972,-0.011479118605600271,-0.10319208283069052,-0.1053647701428456,-0.10379918480300007,-0.10172695115353683,-0.10599457706353686,-0.10382731439776721,-0.006723570521853343,0.022293791132770063,-0.029089827503304508,1.0,-0.11820954965470754,-0.11518468920041186,-0.1166463469115022,-0.11626509479470387,0.10505122743943582,-0.021480886410033453,-0.0210486478902438,-0.011520558515276447,-0.00124729416029396,-0.10862707874026672,0.06378266337745762,0.02551771773092096,-0.015154204580189113,-0.011490588218148665,-0.004337171950468797,-0.01261156893464875,-0.024690460715161337,-0.010108464461105464,-0.022251390237789367,-0.024024702392230483
channel_57,-0.003107721304165529,0.9261875532488374,0.9088499347178499,0.7408993412788132,0.847352919069047,0.9777369828459824,0.9011660882859911,0.8968746790973152,0.8686707338031929,0.004683894478966186,0.9062268794787897,0.7174721810822932,0.8355891964733594,0.8481307810383765,0.9776955511784287,0.9037091876739778,0.919022507169781,0.9056068689921165,0.9135177604222466,0.8117108051232442,0.007108299618402868,0.8844617281578729,0.8345983725554749,0.9775735517369564,0.9763801587414574,0.9261515079308337,0.909162655779268,0.9137733543061507,0.9031860857562942,0.8839974070229453,0.8148394297234407,0.9766382571473176,0.010187366085422075,0.02619417591696532,0.06762321478615967,-0.007525638793913575,0.017858956985695482,0.03543724220611565,0.775987622311393,0.8105537262746351,0.7930349672433302,0.7771449248419539,0.8107387954544312,0.793991042810485,0.011198506970628111,8.490846168064577e-05,0.01314101916981483,-0.11820954965470754,1.0,0.9925921424980636,0.993800168660987,0.9923620699297797,-0.9665349236261463,-0.006113309724725014,-0.008091511875744918,0.0006472217377090023,0.004792294332295578,0.9586463014680744,-0.5396768878695186,-0.08106098086258158,0.104667173558371,0.0060617885401564355,0.008381066616549688,0.020071997122075778,0.006833287352329988,0.0032570876501107795,0.005085302997698314,0.017645546342596057
channel_58,-0.003891290894288507,0.9294146786556464,0.9131999273721976,0.7408963249339017,0.8505670378864675,0.9817989478804394,0.9063470499918573,0.902418460659759,0.8711817917283765,0.004183274477051682,0.9114721607783722,0.7177823203006144,0.8389771172350755,0.8512195532914143,0.9817849494007492,0.9097606590817533,0.9232866613053081,0.9110177860280196,0.9193798266394547,0.8137523723699047,0.007995393830928193,0.8853778943129547,0.83784183579781,0.981623781488105,0.9805100533820083,0.9306851973578275,0.9104217480193263,0.9171164255414327,0.9050707204263737,0.8849247248586801,0.8179880229567962,0.9807372058218272,0.00805794787613609,0.025937355222258627,0.0658058779115691,-0.008993580981164458,0.017249678482465152,0.03379534096700404,0.7804353940028645,0.814878647521646,0.7975986151132095,0.7815074991051764,0.814978484612533,0.7984274464861976,0.01168978443296278,0.0003068116550062741,0.013296508710097667,-0.11518468920041186,0.9925921424980636,1.0,0.9928337318949398,0.9933319611961315,-0.970904717954565,-0.0034752188232671658,-0.0053882614246598985,0.0005197310713437582,0.00572918939747095,0.961683580560013,-0.5415573808054487,-0.08244910076928913,0.10528731583888348,0.004815811528072067,0.006552041528938726,0.01895190127334372,0.005497402920351785,-0.000766336370666251,0.0022982331609280597,0.014284009970194498
channel_59,-0.0033770834648505633,0.926629169937475,0.908156464975285,0.738897187061397,0.846742761200992,0.9777574658687744,0.8995897682868613,0.8952842206315499,0.867255814801374,0.004116257508189417,0.904962164972033,0.7153577619146425,0.8353201611634378,0.8475822262428908,0.9776717013624274,0.9018946853417833,0.9194205145864343,0.9043034049209986,0.91285682109923,0.8098595725010866,0.007203130487628912,0.8835057522759837,0.8342911791338414,0.9774888834829631,0.9763139549922065,0.9261710216273242,0.9103732890724293,0.9151022024393746,0.9035766806303109,0.8831073928129123,0.8144462452747728,0.9765214731386772,0.009259570506830569,0.02658381461178845,0.06731822488559738,-0.007644067231290383,0.018117273928594965,0.03535020328632251,0.7759254270778804,0.8103558384652833,0.793046753981615,0.7769870293120744,0.8105420634580162,0.7939336205163341,0.01172217435037839,0.00034903401660041973,0.014458524372203537,-0.1166463469115022,0.993800168660987,0.9928337318949398,1.0,0.9926396729710285,-0.9662000998640237,-0.005088510041981998,-0.007088377223926299,0.0025830671093860637,0.005149114556885887,0.9584389044084284,-0.5407577843364864,-0.08028784394898528,0.10463861773715338,0.006605676020077458,0.008025218428514789,0.019183235732128746,0.007679142744151706,0.002208647945796084,0.0036118273280293734,0.018184519843643172
channel_60,-0.003563671161588638,0.928696942403175,0.9121173660937038,0.7388373212332882,0.849268970115811,0.9815073559601757,0.9050798731170201,0.9015026482481132,0.8691205779628074,0.004020243321940575,0.9104753705273944,0.7157514346381535,0.837895541316705,0.8499960481368396,0.9814522363156339,0.9087393667960177,0.9232851544634174,0.9098579689304338,0.9193662862603873,0.8121643602072,0.007254935190980862,0.8839189452515883,0.8367331869894462,0.9812912247808,0.980116628369361,0.9302593861444328,0.9095280456437438,0.9172350202834122,0.9039195393847617,0.8834653339078683,0.8168395364560403,0.9803248315248616,0.008355248101083236,0.024383886506088116,0.06641651236716271,-0.009001167783825162,0.01562563987592067,0.03471496769680385,0.7817188748726301,0.8158771965575154,0.7986617731788471,0.7825461672582656,0.8160188256265982,0.7995524495640302,0.012712707807255929,0.0012561242271409566,0.015073768144281404,-0.11626509479470387,0.9923620699297797,0.9933319611961315,0.9926396729710285,1.0,-0.9704198762114115,-0.0017781339432974613,-0.00367727628578407,0.0010631598911325394,0.004996572062250685,0.9610358120566904,-0.541132013469212,-0.08172046443386063,0.10477597028090344,0.004854112777055127,0.006783086286836246,0.018373683374859538,0.005168044718533869,-0.0021917379976014585,0.0020209623904790357,0.014610051422819334
channel_61,0.01086348726256144,-0.9585775458589118,-0.9524422161711043,-0.7349801717123275,-0.8742292311763297,-0.985679829512363,-0.9444005469258129,-0.9357400289479163,-0.917825278333686,0.002262209102750427,-0.948335578770033,-0.71313840433338,-0.8645545878949762,-0.8741915053386543,-0.985258974758056,-0.9409809494659567,-0.9430961913797111,-0.9481362741642864,-0.9333005166684168,-0.8134726463482996,-0.002610198996311661,-0.8724469798603154,-0.8634694143869088,-0.9853770459851001,-0.9853588447608199,-0.9598795434710894,-0.9360589123158577,-0.9274563799443346,-0.9386310317558416,-0.8718741453996633,-0.8468020783049224,-0.9855309932925583,-0.006425047784735731,-0.02053904658142735,-0.061077343240881404,0.01174943591836847,-0.010021375566843911,-0.029242107161392857,-0.7801450991681973,-0.8134101161998682,-0.7967651458864087,-0.7807547003509668,-0.8134669848189632,-0.7975051418988587,-0.015187505089224241,-0.0008033432152020086,-0.017312258205263106,0.10505122743943582,-0.9665349236261463,-0.970904717954565,-0.9662000998640237,-0.9704198762114115,1.0,0.0018875061077961721,0.0025392112247041737,-0.0011746859302965362,-0.003977406014058028,-0.9691939888283764,0.5244638873011518,0.07859705268762487,-0.10194278766422567,-0.0036809996719013947,-0.0032741103258923073,-0.010477360840805779,0.0004205224759006007,0.0083384099768974,0.007123851566955468,-0.0036539590510317748
channel_62,-0.025557102156348602,-0.2233798381363451,-0.25039478300271717,-0.33090427441085524,-0.4568651303959487,-0.02584990906060531,-0.2537029437641018,-0.24024109179233158,-0.22532440807520518,-0.019086536650600824,-0.24894318938843782,-0.3369746389534955,-0.4682385830838227,-0.4570271776456435,-0.025732144366040904,-0.22453767954646395,-0.2516929347357657,-0.2450479485071982,-0.23013402818405398,-0.297659477617818,0.007447310102520555,-0.2992913552878192,-0.469077985170019,-0.02592488455040069,-0.027721290163300962,-0.23085622685305543,-0.21071639046307994,-0.24800374607229447,-0.24448820623278633,-0.2999358493152511,-0.4946064693111868,-0.02704967698574137,-0.20980745967794348,-0.14935668101609592,-0.23094708354011995,-0.16861279596912263,-0.19289453896915015,-0.17356633962132947,0.5274761953656283,0.4840898494952655,0.5066310123883964,0.5262416733818993,0.48297983422014323,0.5051731520818173,-0.036053762056704845,0.005604685664494792,0.018209732800528695,-0.021480886410033453,-0.006113309724725014,-0.0034752188232671658,-0.005088510041981998,-0.0017781339432974613,0.0018875061077961721,1.0,0.9999278666888367,-0.0038381000440825706,-0.0007868245977054399,-0.01504364153201228,-0.1870626130647232,-0.0501301936092505,0.016435509372530133,-0.04544498723996117,-0.016423620127262693,-0.004746131787709795,-0.02246417035260297,-0.020042794779498094,-0.04683455151884273,-0.03559451177483357
channel_63,-0.02564869035569075,-0.22390474039931044,-0.25085023176005883,-0.3322416428125059,-0.45753752140480464,-0.027270258652289815,-0.2541395656025844,-0.2407382492138995,-0.22581877203569442,-0.019159574768567094,-0.24941463981781972,-0.33833169023558535,-0.4685691831924699,-0.45770714012393043,-0.027149092474860245,-0.22506532086185774,-0.25214635444917094,-0.24552157205010874,-0.2306502792230723,-0.29888673720407055,0.007476307746094101,-0.3012437507414722,-0.46940126053558956,-0.02733847470057651,-0.029109414284892873,-0.2313350345814265,-0.21130321227003235,-0.24846598017431118,-0.24498280449921886,-0.3018955828999829,-0.49480039624356625,-0.028439826421517916,-0.2097658724120062,-0.14955042873094823,-0.23110917303438488,-0.16857209545351215,-0.19306849518672198,-0.17376819936784665,0.5273006176005292,0.4837894874661909,0.5064136221392282,0.5260609946851318,0.48267733381332356,0.5049351489645202,-0.03597932174795211,0.005666994671902475,0.01837494759364306,-0.0210486478902438,-0.008091511875744918,-0.0053882614246598985,-0.007088377223926299,-0.00367727628578407,0.0025392112247041737,0.9999278666888367,1.0,-0.0038855543496963537,-0.0007756675327881394,-0.01650410161073216,-0.18538223845785673,-0.04991927126098072,0.01612619925676835,-0.0455000595441836,-0.016592216592937813,-0.005035157834030027,-0.02266894360677795,-0.020327067659247796,-0.04711902513133188,-0.03582621678264232
channel_64,-0.0002995525210646334,0.002093815233903417,0.0036838868429770973,0.009295809692607586,0.003454420114609062,0.0027647213642529246,0.0037107782090287627,0.0031187068406770763,0.004959198742570629,-0.0002499921880285715,0.003776114957278014,0.010463695922861069,0.0023436874384714997,0.0035974655785082606,0.0027510718292628514,0.0028713203929891353,0.0012102716139176701,0.004027801545903539,0.0014685663289125217,0.008289047523591919,-0.0075687618554438054,0.005236689338371657,0.002525003303364585,0.002328042500167067,0.0032377017571017406,0.0014969036236957723,0.0034217769608594554,0.001364807326918647,0.003087242417462913,0.005314291301238075,0.0029600694286510344,0.0022643242317256346,-0.005093223041135711,5.205201737469932e-06,0.00037833084549481773,-0.0036225418666668307,0.0017277948147970863,0.0011962257128092643,-0.0011935427018745278,-0.001027025697471076,-0.0014187193306131347,-0.0010415866655970132,-0.0022657872587649743,-0.0005364484888791418,0.0004589807010465581,0.00391499610158266,-0.0033289622186181847,-0.011520558515276447,0.0006472217377090023,0.0005197310713437582,0.0025830671093860637,0.0010631598911325394,-0.0011746859302965362,-0.0038381000440825706,-0.0038855543496963537,1.0,0.009109358273838236,0.0027952175702357375,-0.0012588171370685568,0.00933308374737073,-0.0005825093168875197,0.007244872688669948,-0.0043580606351191495,-0.009100850725049245,0.005015528115070173,-0.007991294407228303,-0.005362284026586192,-0.0028515548147442556
channel_65,0.002127862409625811,0.004084508971404838,0.005152598797947986,0.004430133438237996,0.0035455537546421993,0.004271260347827653,0.004546537179899736,0.002150109403757845,0.0026833316511697992,0.0017758120603178964,0.004780223208198442,0.004079318225522512,0.004086151078432291,0.0030202615641413107,0.0034827282941344863,0.003752483897610565,0.00406563398567852,0.004167832981175684,0.004953234520913721,0.0029538285437800986,-0.004312420406252754,0.0033526132044371946,0.004172958334920536,0.004213326297650232,0.0038454432705660444,0.0049826313839316325,0.0026114192594756357,0.003652471121435412,0.0024392801117406847,0.003713742313575966,0.004447966960927485,0.004305942193233176,0.001120365763608401,0.004811152372918798,0.001453483722055657,-0.002148164452961032,0.002405098479618048,-0.006402382081660195,0.003440575372296876,0.0034745370886466657,0.00356204316584631,0.0018086817467954685,0.003275519609848581,0.003614940971806653,0.013848963415459352,-0.0032823104425712397,-0.0031803202178768007,-0.00124729416029396,0.004792294332295578,0.00572918939747095,0.005149114556885887,0.004996572062250685,-0.003977406014058028,-0.0007868245977054399,-0.0007756675327881394,0.009109358273838236,1.0,0.004396014806130876,-0.006875134774665517,-0.0019975525531788995,-0.014242633837420714,-0.007812174356847054,0.000955814992280894,0.004105906806185528,0.0014016724752262295,-0.0012571055139251758,0.0026824953434804715,-0.006567706049513166
channel_66,-0.007883648955079866,0.9325474005971667,0.9276667157904889,0.7359000398835345,0.8568584456387811,0.9793517885840333,0.9208418799337416,0.9131472458989058,0.9187072803724353,0.0018672723985562174,0.9225535716433064,0.7139339647644192,0.8435810392913036,0.8568543943005439,0.9790591471367968,0.9176117384299127,0.90716266205282,0.9230832606952676,0.8963891861919971,0.8190271367316316,0.0024066928037387416,0.8865158239187904,0.8425030409677674,0.9793058189032268,0.9797886658737414,0.9266044772848765,0.9228510789638308,0.8908149593652017,0.9229604337836874,0.8862415851918132,0.8237641887198336,0.9798035242565621,-0.010663736645812891,0.01063746630006684,0.04416662315797737,-0.02484299964859128,-0.005032886583493213,0.01723475909636239,0.7797375653955029,0.8132244982601315,0.7965056643835685,0.7804494971939592,0.8131491263516325,0.7975138890335791,0.011436299655980803,0.0009726933535598826,0.015966332401520164,-0.10862707874026672,0.9586463014680744,0.961683580560013,0.9584389044084284,0.9610358120566904,-0.9691939888283764,-0.01504364153201228,-0.01650410161073216,0.0027952175702357375,0.004396014806130876,1.0,-0.5385133370074185,-0.07958475882365285,0.10764096228933215,0.001629515630454812,0.0031210936312408904,0.01122196645463064,-0.000923608468690735,-0.006728316002605048,-0.008463791444489034,0.006125738395605487
channel_67,0.01428396987051464,-0.4523668414736332,-0.44308985812239515,-0.3250865022413458,-0.3764592108040582,-0.5394429810225978,-0.44139439253932866,-0.4448324395420293,-0.44751703993998093,0.007228071768822939,-0.4427033739144128,-0.3104034995981782,-0.36129559865242244,-0.3761377201992689,-0.5395624786766859,-0.4517253870416406,-0.4335449900014983,-0.44516780609985357,-0.4381229424151135,-0.3822273965600474,-0.0023264086713298817,-0.43662032911395077,-0.3593581616923854,-0.5399257535799866,-0.5399920385277441,-0.4475056357451747,-0.45281517953332495,-0.4264015640337112,-0.4422602720855392,-0.4366714255747732,-0.3399511131348151,-0.5393936790961422,0.05901594841023427,0.02144846165889014,0.016611416772456106,0.06466269534566213,0.04503414092270283,0.0224006819652501,-0.5434024654583243,-0.5536015475765326,-0.5492467519353831,-0.5438828799651976,-0.5522072755517425,-0.5488789474703453,-0.0009154105696540517,0.00176289336736222,-0.01098532382560964,0.06378266337745762,-0.5396768878695186,-0.5415573808054487,-0.5407577843364864,-0.541132013469212,0.5244638873011518,-0.1870626130647232,-0.18538223845785673,-0.0012588171370685568,-0.006875134774665517,-0.5385133370074185,1.0,0.100539762710058,-0.0733097120334259,0.00365871515213282,-0.0002413759011489361,-0.00996384063682161,0.0019644677242426183,0.014244550453845149,0.009230194748184399,0.0073150786693197845
channel_68,0.01987810961063076,-0.0618877868637131,-0.05847938906038796,-0.03581905073934224,-0.045026715744750534,-0.08158720439792538,-0.059206581603016006,-0.059013150823447484,-0.060823397740272664,0.017584639321564545,-0.05909278209037315,-0.033482882110353135,-0.04277395984136726,-0.04495002575932605,-0.08065936896168477,-0.06092426007687148,-0.05853147527649424,-0.059996731169269735,-0.0602310945649212,-0.04656489124431378,0.0008472890495105297,-0.05610264578605439,-0.043127851233159986,-0.08147287907183072,-0.0820064554842833,-0.06055908597875048,-0.062430362168643554,-0.05776401879037608,-0.05930287330111375,-0.05655126928446906,-0.03902109251861262,-0.08162863652422504,0.014773496597282847,0.011327900790950859,0.00534226758472269,0.013330650802782345,0.014183336456435668,0.0010759418704501093,-0.09776820263022608,-0.09920272009318308,-0.09781801156505827,-0.0965893592806885,-0.09703559343402178,-0.0981791657321634,-0.004187935801260921,0.006330976845258042,-0.008889294512518226,0.02551771773092096,-0.08106098086258158,-0.08244910076928913,-0.08028784394898528,-0.08172046443386063,0.07859705268762487,-0.0501301936092505,-0.04991927126098072,0.00933308374737073,-0.0019975525531788995,-0.07958475882365285,0.100539762710058,1.0,-0.009459978254063497,-0.002808289766575252,-0.0033875404110883765,-0.004734930092381096,-0.0021187902524996433,0.007099090056933969,-0.0006637772457651028,-0.010596294136119951
channel_69,-0.002330980442605362,0.0836851234190527,0.08438307151738009,0.06179392456492778,0.0837218290231939,0.10625898035037035,0.08464860080904338,0.08633256708462372,0.08632268479931879,-0.0019453246429993248,0.08481468384361783,0.05742574163728192,0.07273874269680482,0.08485249741833938,0.10672055899728233,0.08867374227364871,0.07859212190132461,0.08633579397824018,0.08270804707640794,0.07579920375296713,0.010763065397891151,0.09674819169797924,0.07322335260670383,0.106641397689557,0.10659620976732073,0.08426769737332945,0.08427570671307723,0.07647129023405952,0.08191269106754948,0.09745314587160388,0.06602726683475289,0.10696762293447798,-0.016535820899305085,-0.016015845416603825,-0.007680917653421569,-0.01774964056141855,-0.021970695246806858,-0.0030587981007290065,0.10667133020188116,0.1061673903293932,0.10801247250208242,0.10597408572480611,0.10747385028057876,0.10697494434147473,-0.003819642268198656,0.002041206914254476,0.0017659820902672417,-0.015154204580189113,0.104667173558371,0.10528731583888348,0.10463861773715338,0.10477597028090344,-0.10194278766422567,0.016435509372530133,0.01612619925676835,-0.0005825093168875197,-0.014242633837420714,0.10764096228933215,-0.0733097120334259,-0.009459978254063497,1.0,-0.011197422283594063,0.005002435514124168,0.004685083510468457,-0.012194575577247586,-0.005927005148297529,-0.00355136428766834,0.0029446711944274137
channel_70,0.006570118927228272,0.01726187758824779,0.017520308445425837,0.028558450780563526,0.022333541181597662,0.0006678631188221748,0.015878976521383308,0.011047003675190256,0.018454039049652603,0.007620062655080803,0.01503062966301397,0.02977472518882583,0.02438378576000156,0.021733739920663617,0.0011173973515783624,0.010032952903149263,0.015558935204221134,0.013416060569899614,0.00868927210155137,0.01849180165282511,-0.0027038780911759646,0.013309775438189755,0.025041294945112157,0.001158320891696158,0.0009111909849092849,0.015386149425026115,0.019474848728148513,0.01632891508702597,0.02103631793204133,0.013109141554388066,0.02826051714557349,0.0004711455264493981,0.016349878769179396,0.013502233568527285,0.025087115406184482,0.03298817692098339,0.032723218366337355,0.014179896249047247,-0.02563906243168682,-0.023104545118982227,-0.02566812114708496,-0.027928231296766696,-0.023066184404325788,-0.024564017181525236,-0.013070775834271364,-0.0006913037512255193,0.0003693737923692649,-0.011490588218148665,0.0060617885401564355,0.004815811528072067,0.006605676020077458,0.004854112777055127,-0.0036809996719013947,-0.04544498723996117,-0.0455000595441836,0.007244872688669948,-0.007812174356847054,0.001629515630454812,0.00365871515213282,-0.002808289766575252,-0.011197422283594063,1.0,0.13062635362700942,-0.09034206804386358,-0.0751619194408575,-0.33071678748853434,-0.08192079946690453,0.12135572311435688
channel_71,-0.002229640134084477,0.005177477553844605,0.007903427322199211,0.014766514243653214,0.010877309487830776,0.0025192617908446186,0.010789789247624146,0.00995415032841519,0.005445746101101428,0.007254833115534265,0.010077501034477155,0.015165477170242195,0.011931472991988507,0.010425304217980283,0.0031340416853110654,0.010605596104774363,0.006838319743283264,0.010079337930736095,0.010967751942580766,0.008678638131660333,-0.00902801449078215,0.007044702714308997,0.01228205525682585,0.0022880525606518848,0.002249744642932274,0.007320002914257924,0.00152355830901755,0.006361787153756413,0.004405229441280135,0.0073217674589183355,0.013357782447715634,0.0020361687548745753,0.02072822466773024,0.018720155991742586,0.015553341694021814,0.01647672146269394,0.021131228478830817,0.008046462976510434,-0.005986857806310976,-0.004173453927239501,-0.005273319077364779,-0.00612591197319357,-0.003704145914056459,-0.007226615959471999,-0.004301465274476509,-0.0005545332421758761,-0.0012420406145813914,-0.004337171950468797,0.008381066616549688,0.006552041528938726,0.008025218428514789,0.006783086286836246,-0.0032741103258923073,-0.016423620127262693,-0.016592216592937813,-0.0043580606351191495,0.000955814992280894,0.0031210936312408904,-0.0002413759011489361,-0.0033875404110883765,0.005002435514124168,0.13062635362700942,1.0,-0.15672299698328843,-0.1378164080335644,-0.10738710734525134,-0.13478889021318868,0.13348840115513727
channel_72,0.001076963564968154,0.008483373223582833,0.010845545580938384,0.01798534210333694,0.011051847002892478,0.010598540036730731,0.011102451979434913,0.01202903018449005,0.007715655612284693,0.004330361564637077,0.01177057831030575,0.017344116556893694,0.011947622669809484,0.011260315232418881,0.011292910858905988,0.012232703863441828,0.01073022849320886,0.01123529235620779,0.013241438036067503,0.012733063620655086,0.002970364178549917,0.014285324356096526,0.01212097591191569,0.011828279672254985,0.011106515445527128,0.010762241097335442,0.006847432202803136,0.010526150967305845,0.008261778191292608,0.014048596864098789,0.011193620023352816,0.011646803298814566,0.0178636951289031,0.004023890399240244,-0.002815336705532549,0.007248934267062072,0.030370248238802362,0.0141262548151759,0.006728688192804018,0.011998425199077721,0.010416495019498857,0.00743977682964573,0.01217206308945182,0.010119030336068868,0.005844037751153721,-0.008342352210604219,-0.007650487631869523,-0.01261156893464875,0.020071997122075778,0.01895190127334372,0.019183235732128746,0.018373683374859538,-0.010477360840805779,-0.004746131787709795,-0.005035157834030027,-0.009100850725049245,0.004105906806185528,0.01122196645463064,-0.00996384063682161,-0.004734930092381096,0.004685083510468457,-0.09034206804386358,-0.15672299698328843,1.0,0.17356522328369312,0.012675523221325558,0.8123817152114697,-0.4509760712064539
channel_73,-0.004127248775481642,0.0067832698391534114,0.004707656435499264,0.01853453922512612,0.008433705086481063,-0.0027401500583372276,0.0034775402123788687,0.0005797619003103837,0.005984462931793932,-0.0013165662719811682,0.003437387099930451,0.018976577481558603,0.010501843129817261,0.009028743469925627,-0.002439244664180899,-0.0007899496767320846,0.005743810025090291,0.0027940784032313044,0.0005215664165084049,0.009092125685192397,0.001428926170484745,0.008170383668079442,0.00999636980421857,-0.0022155847185191665,-0.002292567713603976,0.0050783465333880985,0.00796280342328787,0.0066809122568197935,0.009223356247213247,0.007799016957325342,0.011722582124727573,-0.0019521977856599402,0.01230492095974863,0.008572323611106202,0.026965795285895506,0.02314568624033782,0.022944720971534462,0.014704232761813582,-0.01630083488579328,-0.011236684152156971,-0.013589456754603272,-0.01653167951118959,-0.01260344252631574,-0.013649727522492066,-0.0013947893373926492,-0.00020245043557402361,0.0013356845959432927,-0.024690460715161337,0.006833287352329988,0.005497402920351785,0.007679142744151706,0.005168044718533869,0.0004205224759006007,-0.02246417035260297,-0.02266894360677795,0.005015528115070173,0.0014016724752262295,-0.000923608468690735,0.0019644677242426183,-0.0021187902524996433,-0.012194575577247586,-0.0751619194408575,-0.1378164080335644,0.17356522328369312,1.0,-0.13329158541304026,0.285140640671783,-0.14524200231475495
channel_74,-0.00910973600791927,-0.004682454835373782,-0.004766965341350629,0.01380060687496842,-0.0007025790490468741,-0.010104121797993007,-0.006726153514040017,-0.0076807218827008375,-0.0027430728284301453,-0.009444385344282229,-0.006573361218408659,0.012822620236417226,0.00024100965262603815,-0.0007053745005372498,-0.010679724300194525,-0.008790256629617337,-0.00403268966280361,-0.006964561554005605,-0.007620309716075757,0.001558645570450704,-0.013580396425895747,0.0012113357073600952,-0.0002631207796800558,-0.01003295569343124,-0.010408762963185393,-0.00519152986053187,-0.0025627948446006812,-0.0038711278208997633,-0.001421308512888141,0.0014919646848402155,0.002675237957491962,-0.010217390985697246,0.025753764480789285,0.011085454008756483,0.026999133100054588,0.010616613030068072,0.011962493088056103,0.02986330756547312,-0.0175238412066836,-0.014886013713441172,-0.014897212722245985,-0.016771546960946,-0.014355431041748563,-0.014225649833186443,0.0021274743419368086,-0.003570470846442199,-0.01303360642116202,-0.010108464461105464,0.0032570876501107795,-0.000766336370666251,0.002208647945796084,-0.0021917379976014585,0.0083384099768974,-0.020042794779498094,-0.020327067659247796,-0.007991294407228303,-0.0012571055139251758,-0.006728316002605048,0.014244550453845149,0.007099090056933969,-0.005927005148297529,-0.33071678748853434,-0.10738710734525134,0.012675523221325558,-0.13329158541304026,1.0,0.017308583611997875,7.64275879571054e-06
channel_75,0.0006227931558735878,0.0008155777803647382,0.005640267919243783,0.027129226668696264,0.01098290614616439,-0.010709729615950122,0.007995179295282191,0.006303082125173884,0.0009854291985957144,0.003362744553881601,0.0074885840920578565,0.02714821518214353,0.015504930514052294,0.011500506738730652,-0.009998131657148369,0.005902292320761003,0.006632458778639307,0.006358707823617663,0.008126927196930499,0.01102470742554774,-0.0015937757848308379,0.007393859837544975,0.01601168833147589,-0.009620785531804002,-0.010556042696884704,0.004470970019538664,-0.0025363890599591206,0.005613574191148116,0.0020310772423449306,0.006941470451710975,0.01841633447137797,-0.009501419329083965,0.04064132170040079,0.02456639286596384,0.027568608776307905,0.028861587051049804,0.052209257699491605,0.03385995364661851,-0.03340706482843241,-0.025559103622333514,-0.028088491009804897,-0.03359061123388466,-0.02508902619051308,-0.029237909229473318,-0.0013298144672327366,-0.005623904725814658,-0.0033607533992158394,-0.022251390237789367,0.005085302997698314,0.0022982331609280597,0.0036118273280293734,0.0020209623904790357,0.007123851566955468,-0.04683455151884273,-0.04711902513133188,-0.005362284026586192,0.0026824953434804715,-0.008463791444489034,0.009230194748184399,-0.0006637772457651028,-0.00355136428766834,-0.08192079946690453,-0.13478889021318868,0.8123817152114697,0.285140640671783,0.017308583611997875,1.0,-0.3543273648958194
channel_76,-0.003835211666249003,0.011396011308835078,0.012319731873574555,0.030113180985540607,0.01772226042312373,0.0030791931856677885,0.013152210135237936,0.012542571002200022,0.012068426953588292,-0.008002763378354795,0.012537025665418151,0.029180247670327668,0.02110811549438914,0.018639273449764307,0.0024356998830549694,0.011835091836646657,0.012997269491869228,0.01283617353486872,0.013375844191925177,0.016720033269789967,-0.019831374852804524,0.01684159083328313,0.02086231568819117,0.002209607319978711,0.002290430388167921,0.011213249332637688,0.010457327485605256,0.01335670404326889,0.011844610975503206,0.01709290898666414,0.024300554896574907,0.0027937508613301836,0.03209979729523466,0.037663344020276865,0.04536344669905612,0.0288082499340105,0.025545361336037225,0.014829776570576306,-0.012893175852279812,-0.0111778496987079,-0.012692374777244211,-0.013411612689233713,-0.008811470313079703,-0.011472371027113681,-0.0004227588557011678,-0.00638812305027925,0.0021172900597542666,-0.024024702392230483,0.017645546342596057,0.014284009970194498,0.018184519843643172,0.014610051422819334,-0.0036539590510317748,-0.03559451177483357,-0.03582621678264232,-0.0028515548147442556,-0.006567706049513166,0.006125738395605487,0.0073150786693197845,-0.010596294136119951,0.0029446711944274137,0.12135572311435688,0.13348840115513727,-0.4509760712064539,-0.14524200231475495,7.64275879571054e-06,-0.3543273648958194,1.0
